Workbook

Sheet No Lens
A2: Color Source PAR Deep Blue | B2: 43656
B4: Beam Angle | C4: Field Angle
B5: 15.3 | C5: 26.3
F6: Lens Efficiency | G6: Power Consump (Watts) | H6: Efficacy (lm/W)
A7: Mode | B7: Accessory Lens | C7: Candela | D7: Field Lumens | E7: Beam Lumens
A8: Full ON / RGB | B8: none | C8: 51093 | D8: 2775 | E8: 1742 | F8: NA | G8: 101.2 | H8: =D8/G8 -> 27.420949
A9: 3200K / RGB | B9: none | C9: 46653 | D9: 2772 | E9: 1738 | F9: NA | G9: 72.3 | H9: =D9/G9 -> 38.340249
A10: 5600K / RGB | B10: none | C10: 46273 | D10: 2723 | E10: 1706 | F10: NA | G10: 101.6 | H10: =D10/G10 -> 26.801181
A11: Red / RGB | B11: none | C11: 9817 | D11: 588 | E11: 363 | F11: NA | G11: 29.1 | H11: =D11/G11 -> 20.206186
A12: Green / RGB | B12: none | C12: 17705 | D12: 1007 | E12: 623 | F12: NA | G12: 34.3 | H12: =D12/G12 -> 29.358601
A13: Blue / RGB | B13: none | C13: 1940 | D13: 119 | E13: 75 | F13: NA | G13: 32.2 | H13: =D13/G13 -> 3.6956522
A14: Full ON / Direct | B14: none | C14: 50156 | D14: 2978 | E14: 1874 | F14: NA | G14: 108 | H14: =D14/G14 -> 27.574074
A15: Red / Direct | B15: none | C15: 9782 | D15: 586 | E15: 364 | F15: NA | G15: 28.8 | H15: =D15/G15 -> 20.347222
A16: Lime / Direct | B16: none | C16: 21673 | D16: 1296 | E16: 822 | F16: NA | G16: 22.2 | H16: =D16/G16 -> 58.378378
A17: Green / Direct | B17: none | C17: 17851 | D17: 1010 | E17: 626 | F17: NA | G17: 34.2 | H17: =D17/G17 -> 29.532164
A18: Blue / Direct | B18: none | C18: 1729 | D18: 107 | E18: 68 | F18: NA | G18: 32.3 | H18: =D18/G18 -> 3.3126935
B20: For Field diameter at any distance, multiply distance by | F20: =2*TAN(C5*3.1415926535/360) -> 0.4672548
B22: For Beam diameter at any distance, multiply distance by | F22: =2*TAN(B5*3.1415926535/360) -> 0.26863358
G23: Dist for 1.0 fc
B24: Throw Distance (ft) | C24: 10 | D24: 15 | E24: 20 | F24: 25 | G24: =SQRT(C8) -> 226.03761
B25: Throw Distance (m) | C25: =C24*0.3048 -> 3.048 | D25: =D24*0.3048 -> 4.572 | E25: =E24*0.3048 -> 6.096 | F25: =F24*0.3048 -> 7.62 | G25: =G24*0.3048 -> 68.896263
B26: Field Diameter (ft) | C26: =C24*F20 -> 4.672548 | D26: =D24*F20 -> 7.008822 | E26: =E24*F20 -> 9.3450959 | F26: =F24*F20 -> 11.68137
B27: Field Diameter (m) | C27: =C25*F20 -> 1.4241926 | D27: =D25*F20 -> 2.1362889 | E27: =E25*F20 -> 2.8483852 | F27: =F25*F20 -> 3.5604816
B28: Illuminance (fc) | C28: =C8/(C24*C24) -> 510.93 | D28: =C8/(D24*D24) -> 227.08 | E28: =C8/(E24*E24) -> 127.7325 | F28: =C8/(F24*F24) -> 81.7488
B29: Illuminance (lux) | C29: =C28*10.7639 -> 5499.5994 | D29: =D28*10.7639 -> 2444.2664 | E29: =E28*10.7639 -> 1374.8999 | F29: =F28*10.7639 -> 879.93591
A31: Test Distance | B31: Iso-Illuminance Diagram grid lines
A32: 171.25 | B32: 10 | C32: 20 | D32: 30 | E32: 40
B33: =B32/A32 -> 0.058394161 | C33: =C32/A32 -> 0.11678832 | D33: =D32/A32 -> 0.17518248 | E33: =E32/A32 -> 0.23357664
A60: Measurement: Full ON rgb mode no diffuser - Intensity
A62: Degrees | B62: (Cd)
A63: -18.95435 | B63: 0
A64: -18.9054 | B64: 0
A65: -18.85645 | B65: 0
A66: -18.8075 | B66: 0
A67: -18.75855 | B67: 0
A68: -18.7096 | B68: 0
A69: -18.66065 | B69: 0
A70: -18.6117 | B70: 0
A71: -18.56275 | B71: 0
A72: -18.5138 | B72: 0
A73: -18.46485 | B73: 0
A74: -18.4159 | B74: 0
... A837: 18.93259 | B837: 0.029687059
B838: 0
A839: Degrees | B839: #VALUE!
A840: -18.95435 | B840: 0
A841: -18.9054 | B841: 0
A842: -18.85645 | B842: 0
A843: -18.8075 | B843: 0
A844: -18.75855 | B844: 0
A845: -18.7096 | B845: 0
A846: -18.66065 | B846: 0
A847: -18.6117 | B847: 0
A848: -18.56275 | B848: 0
A849: -18.5138 | B849: 0
A850: -18.46485 | B850: 0
A851: -18.4159 | B851: 0
... A1614: 18.93259 | B1614: 0

Sheet VNR
A2: Color Source PAR Deep Blue | B2: 43656
B4: Beam Angle | C4: Field Angle
B5: 15.5 | C5: 27.6
F6: Lens Efficiency | G6: Power Consump (Watts) | H6: Efficacy (lm/W)
A7: Mode / Color | B7: Accessory Lens | C7: Candela | D7: Field Lumens | E7: Beam Lumens
A8: Full ON / RGB | B8: VNR | C8: ='No Lens'!C8*VNR!K8 -> 44858.862 | D8: ='No Lens'!D8*VNR!L8 -> 2596.4302 | E8: ='No Lens'!E8*VNR!M8 -> 2158 | F8: =D8/'No Lens'!D8 -> 0.93565054 | G8: 101.2 | H8: =D8/G8 -> 25.656425 | K8: 0.87798449 | L8: 0.93565054 | M8: 1.238806
A9: 3200K / RGB | B9: VNR | C9: =C8*0.96990745 -> 43508.944 | D9: =D8*0.96990745 -> 2518.297 | E9: =E8*0.96990745 -> 2093.0603 | F9: =D9/'No Lens'!D9 -> 0.90847657 | G9: 72.3 | H9: =D9/G9 -> 34.831218
A10: 5600K / RGB | B10: VNR | C10: =C8*0.955419195 -> 42859.017 | D10: =D8*0.955419195 -> 2480.6793 | E10: =E8*0.955419195 -> 2061.7946 | F10: =D10/'No Lens'!D10 -> 0.91100966 | G10: 101.6 | H10: =D10/G10 -> 24.416135
A11: Red / RGB | B11: VNR | C11: =C8*0.204137629 -> 9157.3817 | D11: =D8*0.204137629 -> 530.02911 | E11: =E8*0.204137629 -> 440.529 | F11: =D11/'No Lens'!D11 -> 0.90141006 | G11: 29.1 | H11: =D11/G11 -> 18.214059
A12: Green / RGB | B12: VNR | C12: =C8*0.355680917 -> 15955.441 | D12: =D8*0.355680917 -> 923.50069 | E12: =E8*0.355680917 -> 767.55942 | F12: =D12/'No Lens'!D12 -> 0.91708112 | G12: 34.3 | H12: =D12/G12 -> 26.924218
A13: Blue / RGB | B13: VNR | C13: =C8*0.041302273 -> 1852.7729 | D13: =D8*0.041302273 -> 107.23847 | E13: =E8*0.041302273 -> 89.130305 | F13: =D13/'No Lens'!D13 -> 0.90116362 | G13: 32.2 | H13: =D13/G13 -> 3.3303873
A14: Full ON / Direct | B14: VNR | C14: =C8*1.043529672 -> 46811.553 | D14: =D8*1.043529672 -> 2709.452 | E14: =E8*1.043529672 -> 2251.937 | F14: =D14/'No Lens'!D14 -> 0.9098227 | G14: 108 | H14: =D14/G14 -> 25.087519
A15: Red / Direct | B15: VNR | C15: =C8*0.203860398 -> 9144.9454 | D15: =D8*0.203860398 -> 529.3093 | E15: =E8*0.203860398 -> 439.93074 | F15: =D15/'No Lens'!D15 -> 0.9032582 | G15: 28.8 | H15: =D15/G15 -> 18.378795
A16: Lime / Direct | B16: VNR | C16: =C8*0.454361902 -> 20382.158 | D16: =D8*0.454361902 -> 1179.719 | E16: =E8*0.454361902 -> 980.51298 | F16: =D16/'No Lens'!D16 -> 0.910277 | G16: 22.2 | H16: =D16/G16 -> 53.140495
A17: Green / Direct | B17: VNR | C17: =C8*0.357567841 -> 16040.086 | D17: =D8*0.357567841 -> 928.39996 | E17: =E8*0.357567841 -> 771.6314 | F17: =D17/'No Lens'!D17 -> 0.91920788 | G17: 34.2 | H17: =D17/G17 -> 27.146198
A18: Blue / Direct | B18: VNR | C18: =C8*0.037144801 -> 1666.2735 | D18: =D8*0.037144801 -> 96.443885 | E18: =E8*0.037144801 -> 80.158481 | F18: =D18/'No Lens'!D18 -> 0.90134472 | G18: 32.3 | H18: =D18/G18 -> 2.9858788
B20: For Field diameter at any distance, multiply distance by | F20: =2*TAN(C5*3.1415926535/360) -> 0.49124712
B22: For Beam diameter at any distance, multiply distance by | F22: =2*TAN(B5*3.1415926535/360) -> 0.27218805
G23: Dist for 1.0 fc
B24: Throw Distance (ft) | C24: 10 | D24: 15 | E24: 20 | F24: 25 | G24: =SQRT(C8) -> 211.79911
B25: Throw Distance (m) | C25: =C24*0.3048 -> 3.048 | D25: =D24*0.3048 -> 4.572 | E25: =E24*0.3048 -> 6.096 | F25: =F24*0.3048 -> 7.62 | G25: =G24*0.3048 -> 64.556368
B26: Field Diameter (ft) | C26: =C24*F20 -> 4.9124712 | D26: =D24*F20 -> 7.3687068 | E26: =E24*F20 -> 9.8249423 | F26: =F24*F20 -> 12.281178
B27: Field Diameter (m) | C27: =C25*F20 -> 1.4973212 | D27: =D25*F20 -> 2.2459818 | E27: =E25*F20 -> 2.9946424 | F27: =F25*F20 -> 3.743303
B28: Illuminance (fc) | C28: =C8/(C24*C24) -> 448.58862 | D28: =C8/(D24*D24) -> 199.37272 | E28: =C8/(E24*E24) -> 112.14715 | F28: =C8/(F24*F24) -> 71.774179
B29: Illuminance (lux) | C29: =C28*10.7639 -> 4828.563 | D29: =D28*10.7639 -> 2146.028 | E29: =E28*10.7639 -> 1207.1408 | F29: =F28*10.7639 -> 772.57008
A31: Test Distance | B31: Iso-Illuminance Diagram grid lines
A32: 162.75 | B32: 10 | C32: 20 | D32: 30 | E32: 40
B33: =B32/A32 -> 0.061443932 | C33: =C32/A32 -> 0.12288786 | D33: =D32/A32 -> 0.1843318 | E33: =E32/A32 -> 0.24577573
A60: Measurement: VNR Full ON rgb mode - Intensity
A62: Degrees | B62: (Cd)
A63: -19.8689 | B63: 0
A64: -19.81759 | B64: 0
A65: -19.76628 | B65: 0
A66: -19.71496 | B66: 0
A67: -19.66365 | B67: 0
A68: -19.61234 | B68: 0
A69: -19.56103 | B69: 0
A70: -19.50972 | B70: 0
A71: -19.45841 | B71: 0
A72: -19.4071 | B72: 0
A73: -19.35579 | B73: 0
A74: -19.30447 | B74: 0
... A837: 19.84609 | B837: 0.030470929
B838: 0
A839: Degrees | B839: #VALUE!
A840: -19.8689 | B840: 0
A841: -19.81759 | B841: 0
A842: -19.76628 | B842: 0
A843: -19.71496 | B843: 0
A844: -19.66365 | B844: 0
A845: -19.61234 | B845: 0
A846: -19.56103 | B846: 0
A847: -19.50972 | B847: 0
A848: -19.45841 | B848: 0
A849: -19.4071 | B849: 0
A850: -19.35579 | B850: 0
A851: -19.30447 | B851: 0
... A1614: 19.84609 | B1614: 0

Sheet VNL
A2: Color Source PAR Deep Blue | B2: 43656
B4: Beam Angle | C4: Field Angle
A5: Horizontal | B5: 28.4 | C5: 43.5
F6: Lens Efficiency | G6: Power Consump (Watts) | H6: Efficacy (lm/W)
A7: Mode | B7: Accessory Lens | C7: Candela | D7: Field Lumens | E7: Beam Lumens
A8: Full ON / RGB | B8: VNL | C8: ='No Lens'!C8*VNL!K8 -> 26422.662 | D8: ='No Lens'!D8*VNL!L8 -> 2767.1794 | E8: ='No Lens'!E8*VNL!M8 -> 1653.0526 | F8: =D8/'No Lens'!D8 -> 0.99718178 | G8: 101.2 | H8: =D8/G8 -> 27.34367 | K8: 0.51714837 | L8: 0.99718178 | M8: 0.94893951
A9: 3200K / RGB | B9: VNL | C9: =C8*0.96990745 -> 25627.537 | D9: =D8*0.96990745 -> 2683.9079 | E9: =E8*0.96990745 -> 1603.3081 | F9: =D9/'No Lens'!D9 -> 0.96822076 | G9: 72.3 | H9: =D9/G9 -> 37.121825
A10: 5600K / RGB | B10: VNL | C10: =C8*0.955419195 -> 25244.718 | D10: =D8*0.955419195 -> 2643.8163 | E10: =E8*0.955419195 -> 1579.3582 | F10: =D10/'No Lens'!D10 -> 0.97092043 | G10: 101.6 | H10: =D10/G10 -> 26.021814
A11: Red / RGB | B11: VNL | C11: =C8*0.204137629 -> 5393.8595 | D11: =D8*0.204137629 -> 564.88545 | E11: =E8*0.204137629 -> 337.45024 | F11: =D11/'No Lens'!D11 -> 0.96068954 | G11: 29.1 | H11: =D11/G11 -> 19.411871
A12: Green / RGB | B12: VNL | C12: =C8*0.355680917 -> 9398.0366 | D12: =D8*0.355680917 -> 984.23292 | E12: =E8*0.355680917 -> 587.95928 | F12: =D12/'No Lens'!D12 -> 0.97739118 | G12: 34.3 | H12: =D12/G12 -> 28.694837
A13: Blue / RGB | B13: VNL | C13: =C8*0.041302273 -> 1091.316 | D13: =D8*0.041302273 -> 114.2908 | E13: =E8*0.041302273 -> 68.274831 | F13: =D13/'No Lens'!D13 -> 0.96042689 | G13: 32.2 | H13: =D13/G13 -> 3.5494037
A14: Full ON / Direct | B14: VNL | C14: =C8*1.043529672 -> 27572.832 | D14: =D8*1.043529672 -> 2887.6338 | E14: =E8*1.043529672 -> 1725.0095 | F14: =D14/'No Lens'!D14 -> 0.96965542 | G14: 108 | H14: =D14/G14 -> 26.73735
A15: Red / Direct | B15: VNL | C15: =C8*0.203860398 -> 5386.5344 | D15: =D8*0.203860398 -> 564.1183 | E15: =E8*0.203860398 -> 336.99197 | F15: =D15/'No Lens'!D15 -> 0.96265921 | G15: 28.8 | H15: =D15/G15 -> 19.587441
A16: Lime / Direct | B16: VNL | C16: =C8*0.454361902 -> 12005.451 | D16: =D8*0.454361902 -> 1257.3009 | E16: =E8*0.454361902 -> 751.08414 | F16: =D16/'No Lens'!D16 -> 0.97013959 | G16: 22.2 | H16: =D16/G16 -> 56.635176
A17: Green / Direct | B17: VNL | C17: =C8*0.357567841 -> 9447.8942 | D17: =D8*0.357567841 -> 989.45437 | E17: =E8*0.357567841 -> 591.07846 | F17: =D17/'No Lens'!D17 -> 0.9796578 | G17: 34.2 | H17: =D17/G17 -> 28.931414
A18: Blue / Direct | B18: VNL | C18: =C8*0.037144801 -> 981.46452 | D18: =D8*0.037144801 -> 102.78633 | E18: =E8*0.037144801 -> 61.402311 | F18: =D18/'No Lens'!D18 -> 0.9606199 | G18: 32.3 | H18: =D18/G18 -> 3.1822393
B20: For Field diameter at any distance, multiply distance by | F20: =2*TAN(C5*3.1415926535/360) -> 0.79791909
B22: For Beam diameter at any distance, multiply distance by | F22: =2*TAN(B5*3.1415926535/360) -> 0.5060778
G23: Dist for 1.0 fc
B24: Throw Distance (ft) | C24: 10 | D24: 15 | E24: 20 | F24: 25 | G24: =SQRT(C8) -> 162.55049
B25: Throw Distance (m) | C25: =C24*0.3048 -> 3.048 | D25: =D24*0.3048 -> 4.572 | E25: =E24*0.3048 -> 6.096 | F25: =F24*0.3048 -> 7.62 | G25: =G24*0.3048 -> 49.545389
B26: Field Diameter (ft) | C26: =C24*F20 -> 7.9791909 | D26: =D24*F20 -> 11.968786 | E26: =E24*F20 -> 15.958382 | F26: =F24*F20 -> 19.947977
B27: Field Diameter (m) | C27: =C25*F20 -> 2.4320574 | D27: =D25*F20 -> 3.6480861 | E27: =E25*F20 -> 4.8641148 | F27: =F25*F20 -> 6.0801435
B28: Illuminance (fc) | C28: =C8/(C24*C24) -> 264.22662 | D28: =C8/(D24*D24) -> 117.43405 | E28: =C8/(E24*E24) -> 66.056655 | F28: =C8/(F24*F24) -> 42.276259
B29: Illuminance (lux) | C29: =C28*10.7639 -> 2844.1089 | D29: =D28*10.7639 -> 1264.0484 | E29: =E28*10.7639 -> 711.02723 | F29: =F28*10.7639 -> 455.05742
B31: Beam Angle | C31: Field Angle
A32: Vertical | B32: 14.9 | C32: 29.2
B34: For Field height at any distance, multiply distance by | F34: =2*TAN(C32*3.1415926535/360) -> 0.52096098
B36: For Beam height at any distance, multiply distance by | F36: =2*TAN(B32*3.1415926535/360) -> 0.26152962
A38: Test Distance | B38: Iso-Illuminance Diagram grid lines
A39: 91.75 | B39: 10 | C39: 20 | D39: 30 | E39: 40 | F39: 50
B40: =B39/A39 -> 0.10899183 | C40: =C39/A39 -> 0.21798365 | D40: =D39/A39 -> 0.32697548 | E40: =E39/A39 -> 0.4359673 | F40: =F39/A39 -> 0.54495913
A46: Measurement: VNL rgb mode - Intensity
A48: Degrees | B48: (Cd)
A49: -32.66718 | B49: 0
A50: -32.61562 | B50: 0
A51: -32.56407 | B51: 0
A52: -32.51251 | B52: 0
A53: -32.46096 | B53: 0
A54: -32.4094 | B54: 0
A55: -32.35785 | B55: 0
A56: -32.30629 | B56: 0
A57: -32.25474 | B57: 0
A58: -32.20318 | B58: 0
A59: -32.15163 | B59: 0
A60: -32.10007 | B60: 0
... A1316: 32.65312 | B1316: 0.015635945
B1317: 0
A1318: Degrees | B1318: #VALUE!
A1319: -32.66718 | B1319: 0
A1320: -32.61562 | B1320: 0
A1321: -32.56407 | B1321: 0
A1322: -32.51251 | B1322: 0
A1323: -32.46096 | B1323: 0
A1324: -32.4094 | B1324: 0
A1325: -32.35785 | B1325: 0
A1326: -32.30629 | B1326: 0
A1327: -32.25474 | B1327: 0
A1328: -32.20318 | B1328: 0
A1329: -32.15163 | B1329: 0
A1330: -32.10007 | B1330: 0
... A2586: 32.65312 | B2586: 0

Sheet NR
A2: Color Source PAR Deep Blue | B2: 43656
B4: Beam Angle | C4: Field Angle
B5: 16.8 | C5: 31.8
F6: Lens Efficiency | G6: Power Consump (Watts) | H6: Efficacy (lm/W)
A7: Mode | B7: Accessory Lens | C7: Candela | D7: Field Lumens | E7: Beam Lumens
A8: Full ON / RGB | B8: NR | C8: ='No Lens'!C8*NR!K8 -> 35088.756 | D8: ='No Lens'!D8*NR!L8 -> 2524.7417 | E8: ='No Lens'!E8*NR!M8 -> 1336.9474 | F8: =D8/'No Lens'!D8 -> 0.90981682 | G8: 101.2 | H8: =D8/G8 -> 24.94804 | K8: 0.6867625 | L8: 0.90981682 | M8: 0.7674784
A9: 3200K / RGB | B9: NR | C9: =C8*0.96990745 -> 34032.846 | D9: =D8*0.96990745 -> 2448.7657 | E9: =E8*0.96990745 -> 1296.7152 | F9: =D9/'No Lens'!D9 -> 0.88339313 | G9: 72.3 | H9: =D9/G9 -> 33.869512
A10: 5600K / RGB | B10: NR | C10: =C8*0.955419195 -> 33524.471 | D10: =D8*0.955419195 -> 2412.1866 | E10: =E8*0.955419195 -> 1277.3452 | F10: =D10/'No Lens'!D10 -> 0.88585628 | G10: 101.6 | H10: =D10/G10 -> 23.741995
A11: Red / RGB | B11: NR | C11: =C8*0.204137629 -> 7162.9355 | D11: =D8*0.204137629 -> 515.39478 | E11: =E8*0.204137629 -> 272.92127 | F11: =D11/'No Lens'!D11 -> 0.87652173 | G11: 29.1 | H11: =D11/G11 -> 17.711161
A12: Green / RGB | B12: NR | C12: =C8*0.355680917 -> 12480.401 | D12: =D8*0.355680917 -> 898.00243 | E12: =E8*0.355680917 -> 475.52667 | F12: =D12/'No Lens'!D12 -> 0.89176011 | G12: 34.3 | H12: =D12/G12 -> 26.180829
A13: Blue / RGB | B13: NR | C13: =C8*0.041302273 -> 1449.2454 | D13: =D8*0.041302273 -> 104.27757 | E13: =E8*0.041302273 -> 55.218965 | F13: =D13/'No Lens'!D13 -> 0.8762821 | G13: 32.2 | H13: =D13/G13 -> 3.2384338
A14: Full ON / Direct | B14: NR | C14: =C8*1.043529672 -> 36616.158 | D14: =D8*1.043529672 -> 2634.6428 | E14: =E8*1.043529672 -> 1395.1442 | F14: =D14/'No Lens'!D14 -> 0.8847021 | G14: 108 | H14: =D14/G14 -> 24.394841
A15: Red / Direct | B15: NR | C15: =C8*0.203860398 -> 7153.2078 | D15: =D8*0.203860398 -> 514.69484 | E15: =E8*0.203860398 -> 272.55062 | F15: =D15/'No Lens'!D15 -> 0.87831884 | G15: 28.8 | H15: =D15/G15 -> 17.871349
A16: Lime / Direct | B16: NR | C16: =C8*0.454361902 -> 15942.994 | D16: =D8*0.454361902 -> 1147.1464 | E16: =E8*0.454361902 -> 607.45795 | F16: =D16/'No Lens'!D16 -> 0.88514385 | G16: 22.2 | H16: =D16/G16 -> 51.673262
A17: Green / Direct | B17: NR | C17: =C8*0.357567841 -> 12546.611 | D17: =D8*0.357567841 -> 902.76643 | E17: =E8*0.357567841 -> 478.04938 | F17: =D17/'No Lens'!D17 -> 0.89382814 | G17: 34.2 | H17: =D17/G17 -> 26.396679
A18: Blue / Direct | B18: NR | C18: =C8*0.037144801 -> 1303.3649 | D18: =D8*0.037144801 -> 93.781027 | E18: =E8*0.037144801 -> 49.660644 | F18: =D18/'No Lens'!D18 -> 0.87645819 | G18: 32.3 | H18: =D18/G18 -> 2.9034374
B20: For Field diameter at any distance, multiply distance by | F20: =2*TAN(C5*3.1415926535/360) -> 0.56971499
B22: For Beam diameter at any distance, multiply distance by | F22: =2*TAN(B5*3.1415926535/360) -> 0.29533431
G23: Dist for 1.0 fc
B24: Throw Distance (ft) | C24: 10 | D24: 15 | E24: 20 | F24: 25 | G24: =SQRT(C8) -> 187.31993
B25: Throw Distance (m) | C25: =C24*0.3048 -> 3.048 | D25: =D24*0.3048 -> 4.572 | E25: =E24*0.3048 -> 6.096 | F25: =F24*0.3048 -> 7.62 | G25: =G24*0.3048 -> 57.095115
B26: Field Diameter (ft) | C26: =C24*F20 -> 5.6971499 | D26: =D24*F20 -> 8.5457248 | E26: =E24*F20 -> 11.3943 | F26: =F24*F20 -> 14.242875
B27: Field Diameter (m) | C27: =C25*F20 -> 1.7364913 | D27: =D25*F20 -> 2.6047369 | E27: =E25*F20 -> 3.4729826 | F27: =F25*F20 -> 4.3412282
B28: Illuminance (fc) | C28: =C8/(C24*C24) -> 350.88756 | D28: =C8/(D24*D24) -> 155.95003 | E28: =C8/(E24*E24) -> 87.721891 | F28: =C8/(F24*F24) -> 56.14201
B29: Illuminance (lux) | C29: =C28*10.7639 -> 3776.9186 | D29: =D28*10.7639 -> 1678.6305 | E29: =E28*10.7639 -> 944.22966 | F29: =F28*10.7639 -> 604.30698
A31: Test Distance | B31: Iso-Illuminance Diagram grid lines
A32: 140.25 | B32: 10 | C32: 20 | D32: 30 | E32: 40
B33: =B32/A32 -> 0.071301248 | C33: =C32/A32 -> 0.1426025 | D33: =D32/A32 -> 0.21390374 | E33: =E32/A32 -> 0.28520499
A60: Measurement: NR rgb mode - Intensity
A62: Degrees | B62: (Cd)
A63: -22.75382 | B63: 0 | C63: =B63/21900 -> 0
A64: -22.70485 | B64: 0 | C64: =B64/21900 -> 0
A65: -22.65588 | B65: 0 | C65: =B65/21900 -> 0
A66: -22.60691 | B66: 0 | C66: =B66/21900 -> 0
A67: -22.55795 | B67: 0 | C67: =B67/21900 -> 0
A68: -22.50898 | B68: 0 | C68: =B68/21900 -> 0
A69: -22.46001 | B69: 0 | C69: =B69/21900 -> 0
A70: -22.41104 | B70: 0 | C70: =B70/21900 -> 0
A71: -22.36207 | B71: 0 | C71: =B71/21900 -> 0
A72: -22.3131 | B72: 0 | C72: =B72/21900 -> 0
A73: -22.26414 | B73: 0 | C73: =B73/21900 -> 0
A74: -22.21517 | B74: 0 | C74: =B74/21900 -> 0
... A992: 22.73749 | B992: 0.024285525 | C992: =B992/21900 -> 1.1089281e-06
B993: 0 | C993: =B993/21900 -> 0
A994: Degrees | B994: #VALUE! | C994: =B994/21900 -> #VALUE!
A995: -22.75382 | B995: 0 | C995: =B995/21900 -> 0
A996: -22.70485 | B996: 0 | C996: =B996/21900 -> 0
A997: -22.65588 | B997: 0 | C997: =B997/21900 -> 0
A998: -22.60691 | B998: 0 | C998: =B998/21900 -> 0
A999: -22.55795 | B999: 0 | C999: =B999/21900 -> 0
A1000: -22.50898 | B1000: 0 | C1000: =B1000/21900 -> 0
A1001: -22.46001 | B1001: 0 | C1001: =B1001/21900 -> 0
A1002: -22.41104 | B1002: 0 | C1002: =B1002/21900 -> 0
A1003: -22.36207 | B1003: 0 | C1003: =B1003/21900 -> 0
A1004: -22.3131 | B1004: 0 | C1004: =B1004/21900 -> 0
A1005: -22.26414 | B1005: 0 | C1005: =B1005/21900 -> 0
A1006: -22.21517 | B1006: 0 | C1006: =B1006/21900 -> 0
... A1924: 22.73749 | B1924: 0 | C1924: =B1924/21900 -> 0

Sheet NL
A2: Color Source PAR Deep Blue | B2: 43656
B4: Beam Angle | C4: Field Angle
A5: Horizontal | B5: 27.6 | C5: 42.4
F6: Lens Efficiency | G6: Power Consump (Watts) | H6: Efficacy (lm/W)
A7: Mode | B7: Accessory Lens | C7: Candela | D7: Field Lumens | E7: Beam Lumens
A8: Full ON / RGB | B8: NL | C8: ='No Lens'!C8*NL!K8 -> 26505.658 | D8: ='No Lens'!D8*NL!L8 -> 2705.9183 | E8: ='No Lens'!E8*NL!M8 -> 1613.3684 | F8: =D8/'No Lens'!D8 -> 0.97510568 | G8: 101.2 | H8: =D8/G8 -> 26.738323 | K8: 0.5187728 | L8: 0.97510568 | M8: 0.92615868
A9: 3200K / RGB | B9: NL | C9: =C8*0.96990745 -> 25708.036 | D9: =D8*0.96990745 -> 2624.4903 | E9: =E8*0.96990745 -> 1564.8181 | F9: =D9/'No Lens'!D9 -> 0.94678582 | G9: 72.3 | H9: =D9/G9 -> 36.300004
A10: 5600K / RGB | B10: NL | C10: =C8*0.955419195 -> 25324.015 | D10: =D8*0.955419195 -> 2585.2863 | E10: =E8*0.955419195 -> 1541.4432 | F10: =D10/'No Lens'!D10 -> 0.94942573 | G10: 101.6 | H10: =D10/G10 -> 25.445731
A11: Red / RGB | B11: NL | C11: =C8*0.204137629 -> 5410.8023 | D11: =D8*0.204137629 -> 552.37974 | E11: =E8*0.204137629 -> 329.3492 | F11: =D11/'No Lens'!D11 -> 0.93942133 | G11: 29.1 | H11: =D11/G11 -> 18.982122
A12: Green / RGB | B12: NL | C12: =C8*0.355680917 -> 9427.5569 | D12: =D8*0.355680917 -> 962.44349 | E12: =E8*0.355680917 -> 573.84436 | F12: =D12/'No Lens'!D12 -> 0.95575322 | G12: 34.3 | H12: =D12/G12 -> 28.059577
A13: Blue / RGB | B13: NL | C13: =C8*0.041302273 -> 1094.7439 | D13: =D8*0.041302273 -> 111.76058 | E13: =E8*0.041302273 -> 66.635783 | F13: =D13/'No Lens'!D13 -> 0.9391645 | G13: 32.2 | H13: =D13/G13 -> 3.4708253
A14: Full ON / Direct | B14: NL | C14: =C8*1.043529672 -> 27659.441 | D14: =D8*1.043529672 -> 2823.706 | E14: =E8*1.043529672 -> 1683.5978 | F14: =D14/'No Lens'!D14 -> 0.94818872 | G14: 108 | H14: =D14/G14 -> 26.145426
A15: Red / Direct | B15: NL | C15: =C8*0.203860398 -> 5403.4541 | D15: =D8*0.203860398 -> 551.62958 | E15: =E8*0.203860398 -> 328.90193 | F15: =D15/'No Lens'!D15 -> 0.9413474 | G15: 28.8 | H15: =D15/G15 -> 19.153805
A16: Lime / Direct | B16: NL | C16: =C8*0.454361902 -> 12043.161 | D16: =D8*0.454361902 -> 1229.4662 | E16: =E8*0.454361902 -> 733.05314 | F16: =D16/'No Lens'!D16 -> 0.94866217 | G16: 22.2 | H16: =D16/G16 -> 55.381359
A17: Green / Direct | B17: NL | C17: =C8*0.357567841 -> 9477.5711 | D17: =D8*0.357567841 -> 967.54935 | E17: =E8*0.357567841 -> 576.88866 | F17: =D17/'No Lens'!D17 -> 0.95796966 | G17: 34.2 | H17: =D17/G17 -> 28.290917
A18: Blue / Direct | B18: NL | C18: =C8*0.037144801 -> 984.54741 | D18: =D8*0.037144801 -> 100.5108 | E18: =E8*0.037144801 -> 59.928249 | F18: =D18/'No Lens'!D18 -> 0.93935323 | G18: 32.3 | H18: =D18/G18 -> 3.1117893
B20: For Field diameter at any distance, multiply distance by | F20: =2*TAN(C5*3.1415926535/360) -> 0.77574888
B22: For Beam diameter at any distance, multiply distance by | F22: =2*TAN(B5*3.1415926535/360) -> 0.49124712
G23: Dist for 1.0 fc
B24: Throw Distance (ft) | C24: 10 | D24: 15 | E24: 20 | F24: 25 | G24: =SQRT(C8) -> 162.80558
B25: Throw Distance (m) | C25: =C24*0.3048 -> 3.048 | D25: =D24*0.3048 -> 4.572 | E25: =E24*0.3048 -> 6.096 | F25: =F24*0.3048 -> 7.62 | G25: =G24*0.3048 -> 49.623142
B26: Field Diameter (ft) | C26: =C24*F20 -> 7.7574888 | D26: =D24*F20 -> 11.636233 | E26: =E24*F20 -> 15.514978 | F26: =F24*F20 -> 19.393722
B27: Field Diameter (m) | C27: =C25*F20 -> 2.3644826 | D27: =D25*F20 -> 3.5467239 | E27: =E25*F20 -> 4.7289651 | F27: =F25*F20 -> 5.9112064
B28: Illuminance (fc) | C28: =C8/(C24*C24) -> 265.05658 | D28: =C8/(D24*D24) -> 117.80293 | E28: =C8/(E24*E24) -> 66.264146 | F28: =C8/(F24*F24) -> 42.409054
B29: Illuminance (lux) | C29: =C28*10.7639 -> 2853.0426 | D29: =D28*10.7639 -> 1268.0189 | E29: =E28*10.7639 -> 713.26064 | F29: =F28*10.7639 -> 456.48681
B31: Beam Angle | C31: Field Angle
A32: Vertical | B32: 14.8 | C32: 29.5
B34: For Field height at any distance, multiply distance by | F34: =2*TAN(C32*3.1415926535/360) -> 0.52655606
B36: For Beam height at any distance, multiply distance by | F36: =2*TAN(B32*3.1415926535/360) -> 0.25975465
A38: Test Distance | B38: Iso-Illuminance Diagram grid lines
A39: 91.75 | B39: 10 | C39: 20 | D39: 30 | E39: 40 | F39: 50
B40: =B39/A39 -> 0.10899183 | C40: =C39/A39 -> 0.21798365 | D40: =D39/A39 -> 0.32697548 | E40: =E39/A39 -> 0.4359673 | F40: =F39/A39 -> 0.54495913
A46: Measurement: NL rgb mode - Intensity - Luminance Scaled 0.1
A48: Degrees | B48: (Cd)
A49: -32.66718 | B49: 0
A50: -32.61562 | B50: 0
A51: -32.56407 | B51: 0
A52: -32.51251 | B52: 0
A53: -32.46096 | B53: 0
A54: -32.4094 | B54: 0
A55: -32.35785 | B55: 0
A56: -32.30629 | B56: 0
A57: -32.25474 | B57: 0
A58: -32.20318 | B58: 0
A59: -32.15163 | B59: 0
A60: -32.10007 | B60: 0
... A1316: 32.65312 | B1316: 0.015985994
B1317: 0
A1318: Degrees | B1318: #VALUE!
A1319: -32.66718 | B1319: 0
A1320: -32.61562 | B1320: 0
A1321: -32.56407 | B1321: 0
A1322: -32.51251 | B1322: 0
A1323: -32.46096 | B1323: 0
A1324: -32.4094 | B1324: 0
A1325: -32.35785 | B1325: 0
A1326: -32.30629 | B1326: 0
A1327: -32.25474 | B1327: 0
A1328: -32.20318 | B1328: 0
A1329: -32.15163 | B1329: 0
A1330: -32.10007 | B1330: 0
... A2586: 32.65312 | B2586: 0

Sheet NO
A2: Color Source PAR Deep Blue | B2: 43656
B4: Beam Angle | C4: Field Angle
A5: Horizontal | B5: 22.4 | C5: 43.9
F6: Lens Efficiency | G6: Power Consump (Watts) | H6: Efficacy (lm/W)
A7: Mode | B7: Accessory Lens | C7: Candela | D7: Field Lumens | E7: Beam Lumens
A8: Full ON / RGB | B8: NO | C8: ='No Lens'!C8*NO!K8 -> 30533.341 | D8: ='No Lens'!D8*NO!L8 -> 2648.5674 | E8: ='No Lens'!E8*NO!M8 -> 1395.7895 | F8: =D8/'No Lens'!D8 -> 0.9544387 | G8: 101.2 | H8: =D8/G8 -> 26.171615 | K8: 0.59760321 | L8: 0.9544387 | M8: 0.80125687
A9: 3200K / RGB | B9: NO | C9: =C8*0.96990745 -> 29614.515 | D9: =D8*0.96990745 -> 2568.8653 | E9: =E8*0.96990745 -> 1353.7866 | F9: =D9/'No Lens'!D9 -> 0.92671907 | G9: 72.3 | H9: =D9/G9 -> 35.53064
A10: 5600K / RGB | B10: NO | C10: =C8*0.955419195 -> 29172.14 | D10: =D8*0.955419195 -> 2530.4921 | E10: =E8*0.955419195 -> 1333.5641 | F10: =D10/'No Lens'!D10 -> 0.92930302 | G10: 101.6 | H10: =D10/G10 -> 24.906419
A11: Red / RGB | B11: NO | C11: =C8*0.204137629 -> 6233.0038 | D11: =D8*0.204137629 -> 540.67227 | E11: =E8*0.204137629 -> 284.93315 | F11: =D11/'No Lens'!D11 -> 0.91951066 | G11: 29.1 | H11: =D11/G11 -> 18.579803
A12: Green / RGB | B12: NO | C12: =C8*0.355680917 -> 10860.127 | D12: =D8*0.355680917 -> 942.04488 | E12: =E8*0.355680917 -> 496.45568 | F12: =D12/'No Lens'!D12 -> 0.93549641 | G12: 34.3 | H12: =D12/G12 -> 27.464865
A13: Blue / RGB | B13: NO | C13: =C8*0.041302273 -> 1261.0964 | D13: =D8*0.041302273 -> 109.39185 | E13: =E8*0.041302273 -> 57.649278 | F13: =D13/'No Lens'!D13 -> 0.91925928 | G13: 32.2 | H13: =D13/G13 -> 3.3972625
A14: Full ON / Direct | B14: NO | C14: =C8*1.043529672 -> 31862.447 | D14: =D8*1.043529672 -> 2763.8587 | E14: =E8*1.043529672 -> 1456.5477 | F14: =D14/'No Lens'!D14 -> 0.92809223 | G14: 108 | H14: =D14/G14 -> 25.591284
A15: Red / Direct | B15: NO | C15: =C8*0.203860398 -> 6224.539 | D15: =D8*0.203860398 -> 539.938 | E15: =E8*0.203860398 -> 284.5462 | F15: =D15/'No Lens'!D15 -> 0.92139591 | G15: 28.8 | H15: =D15/G15 -> 18.747847
A16: Lime / Direct | B16: NO | C16: =C8*0.454361902 -> 13873.187 | D16: =D8*0.454361902 -> 1203.4081 | E16: =E8*0.454361902 -> 634.19356 | F16: =D16/'No Lens'!D16 -> 0.92855565 | G16: 22.2 | H16: =D16/G16 -> 54.207573
A17: Green / Direct | B17: NO | C17: =C8*0.357567841 -> 10917.741 | D17: =D8*0.357567841 -> 947.04253 | E17: =E8*0.357567841 -> 499.08943 | F17: =D17/'No Lens'!D17 -> 0.93766587 | G17: 34.2 | H17: =D17/G17 -> 27.691302
A18: Blue / Direct | B18: NO | C18: =C8*0.037144801 -> 1134.1549 | D18: =D8*0.037144801 -> 98.380509 | E18: =E8*0.037144801 -> 51.846322 | F18: =D18/'No Lens'!D18 -> 0.91944401 | G18: 32.3 | H18: =D18/G18 -> 3.0458362
B20: For Field diameter at any distance, multiply distance by | F20: =2*TAN(C5*3.1415926535/360) -> 0.80602293
B22: For Beam diameter at any distance, multiply distance by | F22: =2*TAN(B5*3.1415926535/360) -> 0.39601066
G23: Dist for 1.0 fc
B24: Throw Distance (ft) | C24: 10 | D24: 15 | E24: 20 | F24: 25 | G24: =SQRT(C8) -> 174.73792
B25: Throw Distance (m) | C25: =C24*0.3048 -> 3.048 | D25: =D24*0.3048 -> 4.572 | E25: =E24*0.3048 -> 6.096 | F25: =F24*0.3048 -> 7.62 | G25: =G24*0.3048 -> 53.260118
B26: Field Diameter (ft) | C26: =C24*F20 -> 8.0602293 | D26: =D24*F20 -> 12.090344 | E26: =E24*F20 -> 16.120459 | F26: =F24*F20 -> 20.150573
B27: Field Diameter (m) | C27: =C25*F20 -> 2.4567579 | D27: =D25*F20 -> 3.6851369 | E27: =E25*F20 -> 4.9135158 | F27: =F25*F20 -> 6.1418948
B28: Illuminance (fc) | C28: =C8/(C24*C24) -> 305.33341 | D28: =C8/(D24*D24) -> 135.70374 | E28: =C8/(E24*E24) -> 76.333352 | F28: =C8/(F24*F24) -> 48.853345
B29: Illuminance (lux) | C29: =C28*10.7639 -> 3286.5783 | D29: =D28*10.7639 -> 1460.7015 | E29: =E28*10.7639 -> 821.64457 | F29: =F28*10.7639 -> 525.85253
B31: Beam Angle | C31: Field Angle
A32: Vertical | B32: 15 | C32: 28.5
B34: For Field height at any distance, multiply distance by | F34: =2*TAN(C32*3.1415926535/360) -> 0.50793529
B36: For Beam height at any distance, multiply distance by | F36: =2*TAN(B32*3.1415926535/360) -> 0.263305
A38: Test Distance | B38: Iso-Illuminance Diagram grid lines
A39: 91.75 | B39: 10 | C39: 20 | D39: 30 | E39: 40 | F39: 50
B40: =B39/A39 -> 0.10899183 | C40: =C39/A39 -> 0.21798365 | D40: =D39/A39 -> 0.32697548 | E40: =E39/A39 -> 0.4359673 | F40: =F39/A39 -> 0.54495913
A46: Measurement: NO rgb mode - Intensity
A48: Degrees | B48: (Cd)
A49: -32.66718 | B49: 0
A50: -32.61562 | B50: 0
A51: -32.56407 | B51: 0
A52: -32.51251 | B52: 0
A53: -32.46096 | B53: 0
A54: -32.4094 | B54: 0
A55: -32.35785 | B55: 0
A56: -32.30629 | B56: 0
A57: -32.25474 | B57: 0
A58: -32.20318 | B58: 0
A59: -32.15163 | B59: 0
A60: -32.10007 | B60: 0
... A1316: 32.65312 | B1316: 0.020731284
B1317: 0
A1318: Degrees | B1318: #VALUE!
A1319: -32.66718 | B1319: 0
A1320: -32.61562 | B1320: 0
A1321: -32.56407 | B1321: 0
A1322: -32.51251 | B1322: 0
A1323: -32.46096 | B1323: 0
A1324: -32.4094 | B1324: 0
A1325: -32.35785 | B1325: 0
A1326: -32.30629 | B1326: 0
A1327: -32.25474 | B1327: 0
A1328: -32.20318 | B1328: 0
A1329: -32.15163 | B1329: 0
A1330: -32.10007 | B1330: 0
... A2585: 32.60156 | B2585: 0
A2586: 32.65312 | B2586: 0 | C2586: =B2586/19000 -> 0

Sheet MR
A2: Color Source PAR Deep Blue | B2: 43656
B4: Beam Angle | C4: Field Angle
B5: 25.1 | C5: 50
F6: Lens Efficiency | G6: Power Consump (Watts) | H6: Efficacy (lm/W)
A7: Mode | B7: Accessory Lens | C7: Candela | D7: Field Lumens | E7: Beam Lumens
A8: Full ON / RGB | B8: MR | C8: ='No Lens'!C8*MR!K8 -> 15233.785 | D8: ='No Lens'!D8*MR!L8 -> 2507.7971 | E8: ='No Lens'!E8*MR!M8 -> 1186.4211 | F8: =D8/'No Lens'!D8 -> 0.90371066 | G8: 101.2 | H8: =D8/G8 -> 24.780604 | K8: 0.29815797 | L8: 0.90371066 | M8: 0.68106834
A9: 3200K / RGB | B9: MR | C9: =C8*0.96990745 -> 14775.362 | D9: =D8*0.96990745 -> 2432.3311 | E9: =E8*0.96990745 -> 1150.7186 | F9: =D9/'No Lens'!D9 -> 0.87746431 | G9: 72.3 | H9: =D9/G9 -> 33.6422
A10: 5600K / RGB | B10: MR | C10: =C8*0.955419195 -> 14554.651 | D10: =D8*0.955419195 -> 2395.9975 | E10: =E8*0.955419195 -> 1133.5294 | F10: =D10/'No Lens'!D10 -> 0.87991093 | G10: 101.6 | H10: =D10/G10 -> 23.582652
A11: Red / RGB | B11: MR | C11: =C8*0.204137629 -> 3109.7888 | D11: =D8*0.204137629 -> 511.93575 | E11: =E8*0.204137629 -> 242.19318 | F11: =D11/'No Lens'!D11 -> 0.87063903 | G11: 29.1 | H11: =D11/G11 -> 17.592294
A12: Green / RGB | B12: MR | C12: =C8*0.355680917 -> 5418.3666 | D12: =D8*0.355680917 -> 891.97557 | E12: =E8*0.355680917 -> 421.98733 | F12: =D12/'No Lens'!D12 -> 0.88577514 | G12: 34.3 | H12: =D12/G12 -> 26.005119
A13: Blue / RGB | B13: MR | C13: =C8*0.041302273 -> 629.18995 | D13: =D8*0.041302273 -> 103.57772 | E13: =E8*0.041302273 -> 49.001886 | F13: =D13/'No Lens'!D13 -> 0.87040101 | G13: 32.2 | H13: =D13/G13 -> 3.2166994
A14: Full ON / Direct | B14: MR | C14: =C8*1.043529672 -> 15896.907 | D14: =D8*1.043529672 -> 2616.9607 | E14: =E8*1.043529672 -> 1238.0656 | F14: =D14/'No Lens'!D14 -> 0.8787645 | G14: 108 | H14: =D14/G14 -> 24.231117
A15: Red / Direct | B15: MR | C15: =C8*0.203860398 -> 3105.5655 | D15: =D8*0.203860398 -> 511.24051 | E15: =E8*0.203860398 -> 241.86427 | F15: =D15/'No Lens'!D15 -> 0.87242408 | G15: 28.8 | H15: =D15/G15 -> 17.751407
A16: Lime / Direct | B16: MR | C16: =C8*0.454361902 -> 6921.6515 | D16: =D8*0.454361902 -> 1139.4475 | E16: =E8*0.454361902 -> 539.06453 | F16: =D16/'No Lens'!D16 -> 0.87920328 | G16: 22.2 | H16: =D16/G16 -> 51.326462
A17: Green / Direct | B17: MR | C17: =C8*0.357567841 -> 5447.1116 | D17: =D8*0.357567841 -> 896.70759 | E17: =E8*0.357567841 -> 424.22601 | F17: =D17/'No Lens'!D17 -> 0.8878293 | G17: 34.2 | H17: =D17/G17 -> 26.21952
A18: Blue / Direct | B18: MR | C18: =C8*0.037144801 -> 565.85591 | D18: =D8*0.037144801 -> 93.151624 | E18: =E8*0.037144801 -> 44.069374 | F18: =D18/'No Lens'!D18 -> 0.87057592 | G18: 32.3 | H18: =D18/G18 -> 2.8839512
B20: For Field diameter at any distance, multiply distance by | F20: =2*TAN(C5*3.1415926535/360) -> 0.93261532
B22: For Beam diameter at any distance, multiply distance by | F22: =2*TAN(B5*3.1415926535/360) -> 0.44522079
G23: Dist for 1.0 fc
B24: Throw Distance (ft) | C24: 10 | D24: 15 | E24: 20 | F24: 25 | G24: =SQRT(C8) -> 123.42522
B25: Throw Distance (m) | C25: =C24*0.3048 -> 3.048 | D25: =D24*0.3048 -> 4.572 | E25: =E24*0.3048 -> 6.096 | F25: =F24*0.3048 -> 7.62 | G25: =G24*0.3048 -> 37.620007
B26: Field Diameter (ft) | C26: =C24*F20 -> 9.3261532 | D26: =D24*F20 -> 13.98923 | E26: =E24*F20 -> 18.652306 | F26: =F24*F20 -> 23.315383
B27: Field Diameter (m) | C27: =C25*F20 -> 2.8426115 | D27: =D25*F20 -> 4.2639172 | E27: =E25*F20 -> 5.685223 | F27: =F25*F20 -> 7.1065287
B28: Illuminance (fc) | C28: =C8/(C24*C24) -> 152.33785 | D28: =C8/(D24*D24) -> 67.705711 | E28: =C8/(E24*E24) -> 38.084463 | F28: =C8/(F24*F24) -> 24.374056
B29: Illuminance (lux) | C29: =C28*10.7639 -> 1639.7494 | D29: =D28*10.7639 -> 728.77751 | E29: =E28*10.7639 -> 409.93735 | F29: =F28*10.7639 -> 262.3599
A31: Test Distance | B31: Iso-Illuminance Diagram grid lines
A32: 91.75 | B32: 10 | C32: 20 | D32: 30 | E32: 40
B33: =B32/A32 -> 0.10899183 | C33: =C32/A32 -> 0.21798365 | D33: =D32/A32 -> 0.32697548 | E33: =E32/A32 -> 0.4359673
A60: Measurement: MR rgb mode - Intensity
A62: Degrees | B62: (Cd)
A63: -32.66718 | B63: 0
A64: -32.61562 | B64: 0
A65: -32.56407 | B65: 0
A66: -32.51251 | B66: 0
A67: -32.46096 | B67: 0
A68: -32.4094 | B68: 0
A69: -32.35785 | B69: 0
A70: -32.30629 | B70: 0
A71: -32.25474 | B71: 0
A72: -32.20318 | B72: 0
A73: -32.15163 | B73: 0
A74: -32.10007 | B74: 0
... A1330: 32.65312 | B1330: 0.038754511
B1331: 0
A1332: Degrees | B1332: #VALUE!
A1333: -32.66718 | B1333: 0
A1334: -32.61562 | B1334: 0
A1335: -32.56407 | B1335: 0
A1336: -32.51251 | B1336: 0
A1337: -32.46096 | B1337: 0
A1338: -32.4094 | B1338: 0
A1339: -32.35785 | B1339: 0
A1340: -32.30629 | B1340: 0
A1341: -32.25474 | B1341: 0
A1342: -32.20318 | B1342: 0
A1343: -32.15163 | B1343: 0
A1344: -32.10007 | B1344: 0
... A2600: 32.65312 | B2600: 0

Sheet MO
A2: Color Source PAR Deep Blue | B2: 43656
B4: Beam Angle | C4: Field Angle
A5: Horizontal | B5: 30.2 | C5: 60.6
F6: Lens Efficiency | G6: Power Consump (Watts) | H6: Efficacy (lm/W)
A7: Mode | B7: Accessory Lens | C7: Candela | D7: Field Lumens | E7: Beam Lumens
A8: Full ON / RGB | B8: MO | C8: ='No Lens'!C8*MO!K8 -> 20158.77 | D8: ='No Lens'!D8*MO!L8 -> 2542.9897 | E8: ='No Lens'!E8*MO!M8 -> 1257.5789 | F8: =D8/'No Lens'!D8 -> 0.91639267 | G8: 101.2 | H8: =D8/G8 -> 25.128356 | K8: 0.39455053 | L8: 0.91639267 | M8: 0.72191673
A9: 3200K / RGB | B9: MO | C9: =C8*0.96990745 -> 19552.141 | D9: =D8*0.96990745 -> 2466.4646 | E9: =E8*0.96990745 -> 1219.7352 | F9: =D9/'No Lens'!D9 -> 0.889778 | G9: 72.3 | H9: =D9/G9 -> 34.11431
A10: 5600K / RGB | B10: MO | C10: =C8*0.955419195 -> 19260.076 | D10: =D8*0.955419195 -> 2429.6211 | E10: =E8*0.955419195 -> 1201.5151 | F10: =D10/'No Lens'!D10 -> 0.89225896 | G10: 101.6 | H10: =D10/G10 -> 23.913594
A11: Red / RGB | B11: MO | C11: =C8*0.204137629 -> 4115.1635 | D11: =D8*0.204137629 -> 519.11988 | E11: =E8*0.204137629 -> 256.71918 | F11: =D11/'No Lens'!D11 -> 0.88285694 | G11: 29.1 | H11: =D11/G11 -> 17.839171
A12: Green / RGB | B12: MO | C12: =C8*0.355680917 -> 7170.0898 | D12: =D8*0.355680917 -> 904.4929 | E12: =E8*0.355680917 -> 447.29683 | F12: =D12/'No Lens'!D12 -> 0.89820546 | G12: 34.3 | H12: =D12/G12 -> 26.370055
A13: Blue / RGB | B13: MO | C13: =C8*0.041302273 -> 832.60302 | D13: =D8*0.041302273 -> 105.03125 | E13: =E8*0.041302273 -> 51.940869 | F13: =D13/'No Lens'!D13 -> 0.88261558 | G13: 32.2 | H13: =D13/G13 -> 3.2618402
A14: Full ON / Direct | B14: MO | C14: =C8*1.043529672 -> 21036.275 | D14: =D8*1.043529672 -> 2653.6852 | E14: =E8*1.043529672 -> 1312.3209 | F14: =D14/'No Lens'!D14 -> 0.89109643 | G14: 108 | H14: =D14/G14 -> 24.571159
A15: Red / Direct | B15: MO | C15: =C8*0.203860398 -> 4109.5749 | D15: =D8*0.203860398 -> 518.41489 | E15: =E8*0.203860398 -> 256.37054 | F15: =D15/'No Lens'!D15 -> 0.88466704 | G15: 28.8 | H15: =D15/G15 -> 18.000517
A16: Lime / Direct | B16: MO | C16: =C8*0.454361902 -> 9159.3771 | D16: =D8*0.454361902 -> 1155.4376 | E16: =E8*0.454361902 -> 571.39596 | F16: =D16/'No Lens'!D16 -> 0.89154137 | G16: 22.2 | H16: =D16/G16 -> 52.04674
A17: Green / Direct | B17: MO | C17: =C8*0.357567841 -> 7208.1279 | D17: =D8*0.357567841 -> 909.29132 | E17: =E8*0.357567841 -> 449.66979 | F17: =D17/'No Lens'!D17 -> 0.90028844 | G17: 34.2 | H17: =D17/G17 -> 26.587466
A18: Blue / Direct | B18: MO | C18: =C8*0.037144801 -> 748.7935 | D18: =D8*0.037144801 -> 94.458845 | E18: =E8*0.037144801 -> 46.71252 | F18: =D18/'No Lens'!D18 -> 0.88279294 | G18: 32.3 | H18: =D18/G18 -> 2.9244224
B20: For Field diameter at any distance, multiply distance by | F20: =2*TAN(C5*3.1415926535/360) -> 1.1687056
B22: For Beam diameter at any distance, multiply distance by | F22: =2*TAN(B5*3.1415926535/360) -> 0.53964142
G23: Dist for 1.0 fc
B24: Throw Distance (ft) | C24: 10 | D24: 15 | E24: 20 | F24: 25 | G24: =SQRT(C8) -> 141.98158
B25: Throw Distance (m) | C25: =C24*0.3048 -> 3.048 | D25: =D24*0.3048 -> 4.572 | E25: =E24*0.3048 -> 6.096 | F25: =F24*0.3048 -> 7.62 | G25: =G24*0.3048 -> 43.275987
B26: Field Diameter (ft) | C26: =C24*F20 -> 11.687056 | D26: =D24*F20 -> 17.530585 | E26: =E24*F20 -> 23.374113 | F26: =F24*F20 -> 29.217641
B27: Field Diameter (m) | C27: =C25*F20 -> 3.5622148 | D27: =D25*F20 -> 5.3433222 | E27: =E25*F20 -> 7.1244296 | F27: =F25*F20 -> 8.905537
B28: Illuminance (fc) | C28: =C8/(C24*C24) -> 201.5877 | D28: =C8/(D24*D24) -> 89.594533 | E28: =C8/(E24*E24) -> 50.396925 | F28: =C8/(F24*F24) -> 32.254032
B29: Illuminance (lux) | C29: =C28*10.7639 -> 2169.8698 | D29: =D28*10.7639 -> 964.3866 | E29: =E28*10.7639 -> 542.46746 | F29: =F28*10.7639 -> 347.17918
B31: Beam Angle | C31: Field Angle
A32: Vertical | B32: 16 | C32: 32.1
B34: For Field height at any distance, multiply distance by | F34: =2*TAN(C32*3.1415926535/360) -> 0.57538008
B36: For Beam height at any distance, multiply distance by | F36: =2*TAN(B32*3.1415926535/360) -> 0.28108167
A38: Test Distance | B38: Iso-Illuminance Diagram grid lines
A39: 67.75 | B39: 10 | C39: 20 | D39: 30 | E39: 40 | F39: 50
B40: =B39/A39 -> 0.14760148 | C40: =C39/A39 -> 0.29520295 | D40: =D39/A39 -> 0.44280443 | E40: =E39/A39 -> 0.5904059 | F40: =F39/A39 -> 0.73800738
A46: Measurement: MO rgb mode - Intensity
A48: Degrees | B48: (Cd)
A49: -40.96029 | B49: 0
A50: -40.90152 | B50: 0
A51: -40.84275 | B51: 0
A52: -40.78399 | B52: 0
A53: -40.72522 | B53: 0
A54: -40.66645 | B54: 0
A55: -40.60769 | B55: 0
A56: -40.54892 | B56: 0
A57: -40.49015 | B57: 0
A58: -40.43139 | B58: 0
A59: -40.37262 | B59: 0
A60: -40.31385 | B60: 0
... A1442: 40.90152 | B1442: 0.029099008
B1443: 0
A1444: Degrees | B1444: #VALUE!
A1445: -40.96029 | B1445: 0
A1446: -40.90152 | B1446: 0
A1447: -40.84275 | B1447: 0
A1448: -40.78399 | B1448: 0
A1449: -40.72522 | B1449: 0
A1450: -40.66645 | B1450: 0
A1451: -40.60769 | B1451: 0
A1452: -40.54892 | B1452: 0
A1453: -40.49015 | B1453: 0
A1454: -40.43139 | B1454: 0
A1455: -40.37262 | B1455: 0
A1456: -40.31385 | B1456: 0
... A2838: 40.90152 | B2838: 0

Sheet ML
A2: Color Source PAR Deep Blue | B2: 43656
B4: Beam Angle | C4: Field Angle
A5: Horizontal | B5: 42.7 | C5: 59.4
F6: Lens Efficiency | G6: Power Consump (Watts) | H6: Efficacy (lm/W)
A7: Mode | B7: Accessory Lens | C7: Candela | D7: Field Lumens | E7: Beam Lumens
A8: Full ON / RGB | B8: ML | C8: ='No Lens'!C8*ML!K8 -> 17933.522 | D8: ='No Lens'!D8*ML!L8 -> 2834.9577 | E8: ='No Lens'!E8*ML!M8 -> 1718.7368 | F8: =D8/'No Lens'!D8 -> 1.0216064 | G8: 101.2 | H8: =D8/G8 -> 28.013416 | K8: 0.35099764 | L8: 1.0216064 | M8: 0.98664572
A9: 3200K / RGB | B9: ML | C9: =C8*0.96990745 -> 17393.857 | D9: =D8*0.96990745 -> 2749.6466 | E9: =E8*0.96990745 -> 1667.0157 | F9: =D9/'No Lens'!D9 -> 0.99193601 | G9: 72.3 | H9: =D9/G9 -> 38.031074
A10: 5600K / RGB | B10: ML | C10: =C8*0.955419195 -> 17134.032 | D10: =D8*0.955419195 -> 2708.573 | E10: =E8*0.955419195 -> 1642.1142 | F10: =D10/'No Lens'!D10 -> 0.99470181 | G10: 101.6 | H10: =D10/G10 -> 26.659183
A11: Red / RGB | B11: ML | C11: =C8*0.204137629 -> 3660.9067 | D11: =D8*0.204137629 -> 578.72155 | E11: =E8*0.204137629 -> 350.85886 | F11: =D11/'No Lens'!D11 -> 0.98422032 | G11: 29.1 | H11: =D11/G11 -> 19.887338
A12: Green / RGB | B12: ML | C12: =C8*0.355680917 -> 6378.6117 | D12: =D8*0.355680917 -> 1008.3404 | E12: =E8*0.355680917 -> 611.3219 | F12: =D12/'No Lens'!D12 -> 1.001331 | G12: 34.3 | H12: =D12/G12 -> 29.397678
A13: Blue / RGB | B13: ML | C13: =C8*0.041302273 -> 740.69524 | D13: =D8*0.041302273 -> 117.0902 | E13: =E8*0.041302273 -> 70.987738 | F13: =D13/'No Lens'!D13 -> 0.98395124 | G13: 32.2 | H13: =D13/G13 -> 3.6363416
A14: Full ON / Direct | B14: ML | C14: =C8*1.043529672 -> 18714.163 | D14: =D8*1.043529672 -> 2958.3625 | E14: =E8*1.043529672 -> 1793.5529 | F14: =D14/'No Lens'!D14 -> 0.99340581 | G14: 108 | H14: =D14/G14 -> 27.392245
A15: Red / Direct | B15: ML | C15: =C8*0.203860398 -> 3655.935 | D15: =D8*0.203860398 -> 577.93561 | E15: =E8*0.203860398 -> 350.38238 | F15: =D15/'No Lens'!D15 -> 0.98623824 | G15: 28.8 | H15: =D15/G15 -> 20.067209
A16: Lime / Direct | B16: ML | C16: =C8*0.454361902 -> 8148.3094 | D16: =D8*0.454361902 -> 1288.0968 | E16: =E8*0.454361902 -> 780.92854 | F16: =D16/'No Lens'!D16 -> 0.99390184 | G16: 22.2 | H16: =D16/G16 -> 58.022378
A17: Green / Direct | B17: ML | C17: =C8*0.357567841 -> 6412.4509 | D17: =D8*0.357567841 -> 1013.6897 | E17: =E8*0.357567841 -> 614.56502 | F17: =D17/'No Lens'!D17 -> 1.0036532 | G17: 34.2 | H17: =D17/G17 -> 29.64005
A18: Blue / Direct | B18: ML | C18: =C8*0.037144801 -> 666.13712 | D18: =D8*0.037144801 -> 105.30394 | E18: =E8*0.037144801 -> 63.842138 | F18: =D18/'No Lens'!D18 -> 0.98414898 | G18: 32.3 | H18: =D18/G18 -> 3.2601839
B20: For Field diameter at any distance, multiply distance by | F20: =2*TAN(C5*3.1415926535/360) -> 1.1407799
B22: For Beam diameter at any distance, multiply distance by | F22: =2*TAN(B5*3.1415926535/360) -> 0.78177874
G23: Dist for 1.0 fc
B24: Throw Distance (ft) | C24: 10 | D24: 15 | E24: 20 | F24: 25 | G24: =SQRT(C8) -> 133.9161
B25: Throw Distance (m) | C25: =C24*0.3048 -> 3.048 | D25: =D24*0.3048 -> 4.572 | E25: =E24*0.3048 -> 6.096 | F25: =F24*0.3048 -> 7.62 | G25: =G24*0.3048 -> 40.817628
B26: Field Diameter (ft) | C26: =C24*F20 -> 11.407799 | D26: =D24*F20 -> 17.111698 | E26: =E24*F20 -> 22.815597 | F26: =F24*F20 -> 28.519496
B27: Field Diameter (m) | C27: =C25*F20 -> 3.477097 | D27: =D25*F20 -> 5.2156455 | E27: =E25*F20 -> 6.954194 | F27: =F25*F20 -> 8.6927425
B28: Illuminance (fc) | C28: =C8/(C24*C24) -> 179.33522 | D28: =C8/(D24*D24) -> 79.704544 | E28: =C8/(E24*E24) -> 44.833806 | F28: =C8/(F24*F24) -> 28.693636
B29: Illuminance (lux) | C29: =C28*10.7639 -> 1930.3464 | D29: =D28*10.7639 -> 857.93174 | E29: =E28*10.7639 -> 482.5866 | F29: =F28*10.7639 -> 308.85543
B31: Beam Angle | C31: Field Angle
A32: Vertical | B32: 15.2 | C32: 30.6
B34: For Field height at any distance, multiply distance by | F34: =2*TAN(C32*3.1415926535/360) -> 0.54713809
B36: For Beam height at any distance, multiply distance by | F36: =2*TAN(B32*3.1415926535/360) -> 0.26685697
A38: Test Distance | B38: Iso-Illuminance Diagram grid lines
A39: 67.65 | B39: 10 | C39: 20 | D39: 30 | E39: 40 | F39: 50
B40: =B39/A39 -> 0.14781966 | C40: =C39/A39 -> 0.29563932 | D40: =D39/A39 -> 0.44345898 | E40: =E39/A39 -> 0.59127864 | F40: =F39/A39 -> 0.7390983
A46: Measurement: ML rgb mode - Intensity
A48: Degrees | B48: (Cd)
A49: -40.96029 | B49: 0
A50: -40.90152 | B50: 0
A51: -40.84275 | B51: 0
A52: -40.78399 | B52: 0
A53: -40.72522 | B53: 0
A54: -40.66645 | B54: 0
A55: -40.60769 | B55: 0
A56: -40.54892 | B56: 0
A57: -40.49015 | B57: 0
A58: -40.43139 | B58: 0
A59: -40.37262 | B59: 0
A60: -40.31385 | B60: 0
... A1442: 40.90152 | B1442: 0.018696927
B1443: 0
A1444: Degrees | B1444: #VALUE!
A1445: -40.96029 | B1445: 0
A1446: -40.90152 | B1446: 0
A1447: -40.84275 | B1447: 0
A1448: -40.78399 | B1448: 0
A1449: -40.72522 | B1449: 0
A1450: -40.66645 | B1450: 0
A1451: -40.60769 | B1451: 0
A1452: -40.54892 | B1452: 0
A1453: -40.49015 | B1453: 0
A1454: -40.43139 | B1454: 0
A1455: -40.37262 | B1455: 0
A1456: -40.31385 | B1456: 0
... A2838: 40.90152 | B2838: 0

Sheet WR
A2: Color Source PAR Deep Blue | B2: 43656
B4: Beam Angle | C4: Field Angle
B5: 45.4 | C5: 77.3
F6: Lens Efficiency | G6: Power Consump (Watts) | H6: Efficacy (lm/W)
A7: Mode | B7: Accessory Lens | C7: Candela | D7: Field Lumens | E7: Beam Lumens
A8: Full ON / RGB | B8: WR | C8: ='No Lens'!C8*WR!K8 -> 6390.7357 | D8: ='No Lens'!D8*WR!L8 -> 2837.5646 | E8: ='No Lens'!E8*WR!M8 -> 1461.4737 | F8: =D8/'No Lens'!D8 -> 1.0225458 | G8: 101.2 | H8: =D8/G8 -> 28.039176 | K8: 0.12508045 | L8: 1.0225458 | M8: 0.83896308
A9: 3200K / RGB | B9: WR | C9: =C8*0.96990745 -> 6198.4221 | D9: =D8*0.96990745 -> 2752.175 | E9: =E8*0.96990745 -> 1417.4942 | F9: =D9/'No Lens'!D9 -> 0.99284813 | G9: 72.3 | H9: =D9/G9 -> 38.066045
A10: 5600K / RGB | B10: WR | C10: =C8*0.955419195 -> 6105.8315 | D10: =D8*0.955419195 -> 2711.0637 | E10: =E8*0.955419195 -> 1396.32 | F10: =D10/'No Lens'!D10 -> 0.99561648 | G10: 101.6 | H10: =D10/G10 -> 26.683698
A11: Red / RGB | B11: WR | C11: =C8*0.204137629 -> 1304.5896 | D11: =D8*0.204137629 -> 579.25371 | E11: =E8*0.204137629 -> 298.34177 | F11: =D11/'No Lens'!D11 -> 0.98512535 | G11: 29.1 | H11: =D11/G11 -> 19.905626
A12: Green / RGB | B12: WR | C12: =C8*0.355680917 -> 2273.0627 | D12: =D8*0.355680917 -> 1009.2676 | E12: =E8*0.355680917 -> 519.8183 | F12: =D12/'No Lens'!D12 -> 1.0022518 | G12: 34.3 | H12: =D12/G12 -> 29.424711
A13: Blue / RGB | B13: WR | C13: =C8*0.041302273 -> 263.95191 | D13: =D8*0.041302273 -> 117.19787 | E13: =E8*0.041302273 -> 60.362185 | F13: =D13/'No Lens'!D13 -> 0.98485603 | G13: 32.2 | H13: =D13/G13 -> 3.6396853
A14: Full ON / Direct | B14: WR | C14: =C8*1.043529672 -> 6668.9223 | D14: =D8*1.043529672 -> 2961.0828 | E14: =E8*1.043529672 -> 1525.0912 | F14: =D14/'No Lens'!D14 -> 0.99431929 | G14: 108 | H14: =D14/G14 -> 27.417434
A15: Red / Direct | B15: WR | C15: =C8*0.203860398 -> 1302.8179 | D15: =D8*0.203860398 -> 578.46705 | E15: =E8*0.203860398 -> 297.93661 | F15: =D15/'No Lens'!D15 -> 0.98714513 | G15: 28.8 | H15: =D15/G15 -> 20.085661
A16: Lime / Direct | B16: WR | C16: =C8*0.454361902 -> 2903.7068 | D16: =D8*0.454361902 -> 1289.2812 | E16: =E8*0.454361902 -> 664.03796 | F16: =D16/'No Lens'!D16 -> 0.99481577 | G16: 22.2 | H16: =D16/G16 -> 58.075732
A17: Green / Direct | B17: WR | C17: =C8*0.357567841 -> 2285.1216 | D17: =D8*0.357567841 -> 1014.6218 | E17: =E8*0.357567841 -> 522.57599 | F17: =D17/'No Lens'!D17 -> 1.0045761 | G17: 34.2 | H17: =D17/G17 -> 29.667305
A18: Blue / Direct | B18: WR | C18: =C8*0.037144801 -> 237.38261 | D18: =D8*0.037144801 -> 105.40077 | E18: =E8*0.037144801 -> 54.286149 | F18: =D18/'No Lens'!D18 -> 0.98505394 | G18: 32.3 | H18: =D18/G18 -> 3.2631818
B20: For Field diameter at any distance, multiply distance by | F20: =2*TAN(C5*3.1415926535/360) -> 1.5994386
B22: For Beam diameter at any distance, multiply distance by | F22: =2*TAN(B5*3.1415926535/360) -> 0.83661812
G23: Dist for 1.0 fc
B24: Throw Distance (ft) | C24: 10 | D24: 15 | E24: 20 | F24: 25 | G24: =SQRT(C8) -> 79.942077
B25: Throw Distance (m) | C25: =C24*0.3048 -> 3.048 | D25: =D24*0.3048 -> 4.572 | E25: =E24*0.3048 -> 6.096 | F25: =F24*0.3048 -> 7.62 | G25: =G24*0.3048 -> 24.366345
B26: Field Diameter (ft) | C26: =C24*F20 -> 15.994386 | D26: =D24*F20 -> 23.991579 | E26: =E24*F20 -> 31.988772 | F26: =F24*F20 -> 39.985965
B27: Field Diameter (m) | C27: =C25*F20 -> 4.8750888 | D27: =D25*F20 -> 7.3126332 | E27: =E25*F20 -> 9.7501776 | F27: =F25*F20 -> 12.187722
B28: Illuminance (fc) | C28: =C8/(C24*C24) -> 63.907357 | D28: =C8/(D24*D24) -> 28.40327 | E28: =C8/(E24*E24) -> 15.976839 | F28: =C8/(F24*F24) -> 10.225177
B29: Illuminance (lux) | C29: =C28*10.7639 -> 687.8924 | D29: =D28*10.7639 -> 305.72995 | E29: =E28*10.7639 -> 171.9731 | F29: =F28*10.7639 -> 110.06278
A31: Test Distance | B31: Iso-Illuminance Diagram grid lines
A32: 55.75 | B32: 10 | C32: 20 | D32: 30 | E32: 40
B33: =B32/A32 -> 0.1793722 | C33: =C32/A32 -> 0.35874439 | D33: =D32/A32 -> 0.53811659 | E33: =E32/A32 -> 0.71748879
A60: Measurement: WR rgb mode re-shoot - Intensity
A62: Degrees | B62: (Cd)
A63: -46.53442 | B63: 0
A64: -46.45431 | B64: 0
A65: -46.37419 | B65: 0
A66: -46.29408 | B66: 0
A67: -46.21396 | B67: 0
A68: -46.13384 | B68: 0
A69: -46.05372 | B69: 0
A70: -45.97361 | B70: 0
A71: -45.89349 | B71: 0
A72: -45.81337 | B72: 0
A73: -45.73326 | B73: 0
A74: -45.65314 | B74: 0
... A1224: 46.48101 | B1224: 0.049032727
B1225: 0
A1226: Degrees | B1226: #VALUE!
A1227: -46.53442 | B1227: 0
A1228: -46.45431 | B1228: 0
A1229: -46.37419 | B1229: 0
A1230: -46.29408 | B1230: 0
A1231: -46.21396 | B1231: 0
A1232: -46.13384 | B1232: 0
A1233: -46.05372 | B1233: 0
A1234: -45.97361 | B1234: 0
A1235: -45.89349 | B1235: 0
A1236: -45.81337 | B1236: 0
A1237: -45.73326 | B1237: 0
A1238: -45.65314 | B1238: 0
... A2852: 40.90152 | B2852: 0

Sheet WO
A2: Color Source PAR Deep Blue | B2: 43656
B4: Beam Angle | C4: Field Angle
A5: Horizontal | B5: 30.1 | C5: 59.9
F6: Lens Efficiency | G6: Power Consump (Watts) | H6: Efficacy (lm/W)
A7: Mode | B7: Accessory Lens | C7: Candela | D7: Field Lumens | E7: Beam Lumens
A8: Full ON / RGB | B8: WO | C8: ='No Lens'!C8*WO!K8 -> 20035.058 | D8: ='No Lens'!D8*WO!L8 -> 2510.4039 | E8: ='No Lens'!E8*WO!M8 -> 1235.6842 | F8: =D8/'No Lens'!D8 -> 0.90465007 | G8: 101.2 | H8: =D8/G8 -> 24.806363 | K8: 0.39212922 | L8: 0.90465007 | M8: 0.709348
A9: 3200K / RGB | B9: WO | C9: =C8*0.96990745 -> 19432.152 | D9: =D8*0.96990745 -> 2434.8595 | E9: =E8*0.96990745 -> 1198.4993 | F9: =D9/'No Lens'!D9 -> 0.87837644 | G9: 72.3 | H9: =D9/G9 -> 33.677171
A10: 5600K / RGB | B10: WO | C10: =C8*0.955419195 -> 19141.879 | D10: =D8*0.955419195 -> 2398.4881 | E10: =E8*0.955419195 -> 1180.5964 | F10: =D10/'No Lens'!D10 -> 0.8808256 | G10: 101.6 | H10: =D10/G10 -> 23.607167
A11: Red / RGB | B11: WO | C11: =C8*0.204137629 -> 4089.9093 | D11: =D8*0.204137629 -> 512.46791 | E11: =E8*0.204137629 -> 252.24964 | F11: =D11/'No Lens'!D11 -> 0.87154406 | G11: 29.1 | H11: =D11/G11 -> 17.610581
A12: Green / RGB | B12: WO | C12: =C8*0.355680917 -> 7126.0879 | D12: =D8*0.355680917 -> 892.90278 | E12: =E8*0.355680917 -> 439.50929 | F12: =D12/'No Lens'!D12 -> 0.88669591 | G12: 34.3 | H12: =D12/G12 -> 26.032151
A13: Blue / RGB | B13: WO | C13: =C8*0.041302273 -> 827.49344 | D13: =D8*0.041302273 -> 103.68539 | E13: =E8*0.041302273 -> 51.036567 | F13: =D13/'No Lens'!D13 -> 0.87130579 | G13: 32.2 | H13: =D13/G13 -> 3.2200431
A14: Full ON / Direct | B14: WO | C14: =C8*1.043529672 -> 20907.178 | D14: =D8*1.043529672 -> 2619.681 | E14: =E8*1.043529672 -> 1289.4731 | F14: =D14/'No Lens'!D14 -> 0.87967797 | G14: 108 | H14: =D14/G14 -> 24.256306
A15: Red / Direct | B15: WO | C15: =C8*0.203860398 -> 4084.3549 | D15: =D8*0.203860398 -> 511.77195 | E15: =E8*0.203860398 -> 251.90707 | F15: =D15/'No Lens'!D15 -> 0.87333097 | G15: 28.8 | H15: =D15/G15 -> 17.769859
A16: Lime / Direct | B16: WO | C16: =C8*0.454361902 -> 9103.1671 | D16: =D8*0.454361902 -> 1140.6319 | E16: =E8*0.454361902 -> 561.44783 | F16: =D16/'No Lens'!D16 -> 0.88011722 | G16: 22.2 | H16: =D16/G16 -> 51.379816
A17: Green / Direct | B17: WO | C17: =C8*0.357567841 -> 7163.8925 | D17: =D8*0.357567841 -> 897.63972 | E17: =E8*0.357567841 -> 441.84094 | F17: =D17/'No Lens'!D17 -> 0.8887522 | G17: 34.2 | H17: =D17/G17 -> 26.246775
A18: Blue / Direct | B18: WO | C18: =C8*0.037144801 -> 744.19825 | D18: =D8*0.037144801 -> 93.248455 | E18: =E8*0.037144801 -> 45.899244 | F18: =D18/'No Lens'!D18 -> 0.87148089 | G18: 32.3 | H18: =D18/G18 -> 2.8869491
B20: For Field diameter at any distance, multiply distance by | F20: =2*TAN(C5*3.1415926535/360) -> 1.1523746
B22: For Beam diameter at any distance, multiply distance by | F22: =2*TAN(B5*3.1415926535/360) -> 0.53776946
G23: Dist for 1.0 fc
B24: Throw Distance (ft) | C24: 10 | D24: 15 | E24: 20 | F24: 25 | G24: =SQRT(C8) -> 141.54525
B25: Throw Distance (m) | C25: =C24*0.3048 -> 3.048 | D25: =D24*0.3048 -> 4.572 | E25: =E24*0.3048 -> 6.096 | F25: =F24*0.3048 -> 7.62 | G25: =G24*0.3048 -> 43.142993
B26: Field Diameter (ft) | C26: =C24*F20 -> 11.523746 | D26: =D24*F20 -> 17.285619 | E26: =E24*F20 -> 23.047492 | F26: =F24*F20 -> 28.809365
B27: Field Diameter (m) | C27: =C25*F20 -> 3.5124378 | D27: =D25*F20 -> 5.2686567 | E27: =E25*F20 -> 7.0248756 | F27: =F25*F20 -> 8.7810945
B28: Illuminance (fc) | C28: =C8/(C24*C24) -> 200.35058 | D28: =C8/(D24*D24) -> 89.044703 | E28: =C8/(E24*E24) -> 50.087645 | F28: =C8/(F24*F24) -> 32.056093
B29: Illuminance (lux) | C29: =C28*10.7639 -> 2156.5536 | D29: =D28*10.7639 -> 958.46828 | E29: =E28*10.7639 -> 539.13841 | F29: =F28*10.7639 -> 345.04858
B31: Beam Angle | C31: Field Angle
A32: Vertical | B32: 15.9 | C32: 32.1
B34: For Field height at any distance, multiply distance by | F34: =2*TAN(C32*3.1415926535/360) -> 0.57538008
B36: For Beam height at any distance, multiply distance by | F36: =2*TAN(B32*3.1415926535/360) -> 0.27930208
A38: Test Distance | B38: Iso-Illuminance Diagram grid lines
A39: 75.5 | B39: 10 | C39: 20 | D39: 30 | E39: 40 | F39: 50
B40: =B39/A39 -> 0.13245033 | C40: =C39/A39 -> 0.26490066 | D40: =D39/A39 -> 0.39735099 | E40: =E39/A39 -> 0.52980132 | F40: =F39/A39 -> 0.66225166
A46: Measurement: WO rgb mode - Intensity
A48: Degrees | B48: (Cd)
A49: -37.91538 | B49: 0
A50: -37.86098 | B50: 0
A51: -37.80658 | B51: 0
A52: -37.75219 | B52: 0
A53: -37.69779 | B53: 0
A54: -37.64339 | B54: 0
A55: -37.58899 | B55: 0
A56: -37.53459 | B56: 0
A57: -37.48019 | B57: 0
A58: -37.4258 | B58: 0
A59: -37.3714 | B59: 0
A60: -37.317 | B60: 0
... A1442: 37.86098 | B1442: 0.03919177
B1443: 0
A1444: Degrees | B1444: #VALUE!
A1445: -37.91538 | B1445: 0
A1446: -37.86098 | B1446: 0
A1447: -37.80658 | B1447: 0
A1448: -37.75219 | B1448: 0
A1449: -37.69779 | B1449: 0
A1450: -37.64339 | B1450: 0
A1451: -37.58899 | B1451: 0
A1452: -37.53459 | B1452: 0
A1453: -37.48019 | B1453: 0
A1454: -37.4258 | B1454: 0
A1455: -37.3714 | B1455: 0
A1456: -37.317 | B1456: 0
... A2838: 37.86098 | B2838: 0

Sheet WL
A2: Color Source PAR Deep Blue | B2: 43656
B4: Beam Angle | C4: Field Angle
A5: Horizontal | B5: 66.1 | C5: 89.4
F6: Lens Efficiency | G6: Power Consump (Watts) | H6: Efficacy (lm/W)
A7: Mode | B7: Accessory Lens | C7: Candela | D7: Field Lumens | E7: Beam Lumens
A8: Full ON / RGB | B8: WL* | C8: ='No Lens'!C8*WL!K8 -> 13263.791 | D8: ='No Lens'!D8*WL!L8 -> 2992.6726 | E8: ='No Lens'!E8*WL!M8 -> 1506.6316 | F8: =D8/'No Lens'!D8 -> 1.0784406 | G8: 101.2 | H8: =D8/G8 -> 29.571864 | K8: 0.25960094 | L8: 1.0784406 | M8: 0.8648861
A9: 3200K / RGB | B9: WL* | C9: =C8*0.96990745 -> 12864.65 | D9: =D8*0.96990745 -> 2902.6155 | E9: =E8*0.96990745 -> 1461.2932 | F9: =D9/'No Lens'!D9 -> 1.0471196 | G9: 72.3 | H9: =D9/G9 -> 40.146825
A10: 5600K / RGB | B10: WL* | C10: =C8*0.955419195 -> 12672.481 | D10: =D8*0.955419195 -> 2859.2569 | E10: =E8*0.955419195 -> 1439.4647 | F10: =D10/'No Lens'!D10 -> 1.0500392 | G10: 101.6 | H10: =D10/G10 -> 28.142292
A11: Red / RGB | B11: WL* | C11: =C8*0.204137629 -> 2707.6389 | D11: =D8*0.204137629 -> 610.91709 | E11: =E8*0.204137629 -> 307.5602 | F11: =D11/'No Lens'!D11 -> 1.0389746 | G11: 29.1 | H11: =D11/G11 -> 20.993715
A12: Green / RGB | B12: WL* | C12: =C8*0.355680917 -> 4717.6774 | D12: =D8*0.355680917 -> 1064.4365 | E12: =E8*0.355680917 -> 535.8801 | F12: =D12/'No Lens'!D12 -> 1.0570373 | G12: 34.3 | H12: =D12/G12 -> 31.033135
A13: Blue / RGB | B13: WL* | C13: =C8*0.041302273 -> 547.82472 | D13: =D8*0.041302273 -> 123.60418 | E13: =E8*0.041302273 -> 62.227309 | F13: =D13/'No Lens'!D13 -> 1.0386906 | G13: 32.2 | H13: =D13/G13 -> 3.8386392
A14: Full ON / Direct | B14: WL* | C14: =C8*1.043529672 -> 13841.16 | D14: =D8*1.043529672 -> 3122.9427 | E14: =E8*1.043529672 -> 1572.2148 | F14: =D14/'No Lens'!D14 -> 1.0486711 | G14: 108 | H14: =D14/G14 -> 28.916136
A15: Red / Direct | B15: WL* | C15: =C8*0.203860398 -> 2703.9617 | D15: =D8*0.203860398 -> 610.08743 | E15: =E8*0.203860398 -> 307.14251 | F15: =D15/'No Lens'!D15 -> 1.0411048 | G15: 28.8 | H15: =D15/G15 -> 21.183591
A16: Lime / Direct | B16: WL* | C16: =C8*0.454361902 -> 6026.5613 | D16: =D8*0.454361902 -> 1359.7564 | E16: =E8*0.454361902 -> 684.55599 | F16: =D16/'No Lens'!D16 -> 1.0491948 | G16: 22.2 | H16: =D16/G16 -> 61.250289
A17: Green / Direct | B17: WL* | C17: =C8*0.357567841 -> 4742.7051 | D17: =D8*0.357567841 -> 1070.0835 | E17: =E8*0.357567841 -> 538.723 | F17: =D17/'No Lens'!D17 -> 1.0594886 | G17: 34.2 | H17: =D17/G17 -> 31.288991
A18: Blue / Direct | B18: WL* | C18: =C8*0.037144801 -> 492.68088 | D18: =D8*0.037144801 -> 111.16223 | E18: =E8*0.037144801 -> 55.96353 | F18: =D18/'No Lens'!D18 -> 1.0388993 | G18: 32.3 | H18: =D18/G18 -> 3.4415551
B20: For Field diameter at any distance, multiply distance by | F20: =2*TAN(C5*3.1415926535/360) -> 1.979165
B22: For Beam diameter at any distance, multiply distance by | F22: =2*TAN(B5*3.1415926535/360) -> 1.301298
G23: Dist for 1.0 fc
B24: Throw Distance (ft) | C24: 10 | D24: 15 | E24: 20 | F24: 25 | G24: =SQRT(C8) -> 115.16853
B25: Throw Distance (m) | C25: =C24*0.3048 -> 3.048 | D25: =D24*0.3048 -> 4.572 | E25: =E24*0.3048 -> 6.096 | F25: =F24*0.3048 -> 7.62 | G25: =G24*0.3048 -> 35.103369
B26: Field Diameter (ft) | C26: =C24*F20 -> 19.79165 | D26: =D24*F20 -> 29.687474 | E26: =E24*F20 -> 39.583299 | F26: =F24*F20 -> 49.479124
B27: Field Diameter (m) | C27: =C25*F20 -> 6.0324948 | D27: =D25*F20 -> 9.0487422 | E27: =E25*F20 -> 12.06499 | F27: =F25*F20 -> 15.081237
B28: Illuminance (fc) | C28: =C8/(C24*C24) -> 132.63791 | D28: =C8/(D24*D24) -> 58.950182 | E28: =C8/(E24*E24) -> 33.159478 | F28: =C8/(F24*F24) -> 21.222066
B29: Illuminance (lux) | C29: =C28*10.7639 -> 1427.7012 | D29: =D28*10.7639 -> 634.53387 | E29: =E28*10.7639 -> 356.9253 | F29: =F28*10.7639 -> 228.43219
B31: Beam Angle | C31: Field Angle
A32: Vertical | B32: 15.3 | C32: 30.6
B34: For Field height at any distance, multiply distance by | F34: =2*TAN(C32*3.1415926535/360) -> 0.54713809
B36: For Beam height at any distance, multiply distance by | F36: =2*TAN(B32*3.1415926535/360) -> 0.26863358
A38: Test Distance | B38: Iso-Illuminance Diagram grid lines
A39: 47.375 | B39: 8 | C39: 16 | D39: 24 | E39: 32 | F39: 40
B40: =B39/A39 -> 0.16886544 | C40: =C39/A39 -> 0.33773087 | D40: =D39/A39 -> 0.50659631 | E40: =E39/A39 -> 0.67546174 | F40: =F39/A39 -> 0.84432718
A46: Measurement: WL* - Intensity
A48: Degrees | B48: (Cd)
A49: -51.15731 | B49: 0
A50: -51.08391 | B50: 0
A51: -51.01051 | B51: 0
A52: -50.93712 | B52: 0
A53: -50.86372 | B53: 0
A54: -50.79033 | B54: 0
A55: -50.71693 | B55: 0
A56: -50.64353 | B56: 0
A57: -50.57014 | B57: 0
A58: -50.49674 | B58: 0
A59: -50.42334 | B59: 0
A60: -50.34995 | B60: 0
... A1442: 51.08391 | B1442: 0.037387131
A1443: Measurement: WL* - Intensity | B1443: 0
B1444: 0
A1445: Degrees | B1445: #VALUE!
A1446: -51.15731 | B1446: 0
A1447: -51.08391 | B1447: 0
A1448: -51.01051 | B1448: 0
A1449: -50.93712 | B1449: 0
A1450: -50.86372 | B1450: 0
A1451: -50.79033 | B1451: 0
A1452: -50.71693 | B1452: 0
A1453: -50.64353 | B1453: 0
A1454: -50.57014 | B1454: 0
A1455: -50.49674 | B1455: 0
A1456: -50.42334 | B1456: 0
A1457: -50.34995 | B1457: 0
... A2839: 51.08391 | B2839: 0

Sheet XWR
A2: Color Source PAR Deep Blue | B2: 43656
B4: Beam Angle | C4: Field Angle
B5: 70.6 | C5: 95.4
F6: Lens Efficiency | G6: Power Consump (Watts) | H6: Efficacy (lm/W)
A7: Mode | B7: Accessory Lens | C7: Candela | D7: Field Lumens | E7: Beam Lumens
A8: Full ON / RGB | B8: XWR | C8: ='No Lens'!C8*XWR!K8 -> 3379.3697 | D8: ='No Lens'!D8*XWR!L8 -> 2986.1555 | E8: ='No Lens'!E8*XWR!M8 -> 1696.8421 | F8: =D8/'No Lens'!D8 -> 1.0760921 | G8: 101.2 | H8: =D8/G8 -> 29.507465 | K8: 0.066141539 | L8: 1.0760921 | M8: 0.97407698
A9: 3200K / RGB | B9: XWR | C9: =C8*0.96990745 -> 3277.6758 | D9: =D8*0.96990745 -> 2896.2944 | E9: =E8*0.96990745 -> 1645.7798 | F9: =D9/'No Lens'!D9 -> 1.0448393 | G9: 72.3 | H9: =D9/G9 -> 40.059397
A10: 5600K / RGB | B10: XWR | C10: =C8*0.955419195 -> 3228.7146 | D10: =D8*0.955419195 -> 2853.0303 | E10: =E8*0.955419195 -> 1621.1955 | F10: =D10/'No Lens'!D10 -> 1.0477526 | G10: 101.6 | H10: =D10/G10 -> 28.081006
A11: Red / RGB | B11: XWR | C11: =C8*0.204137629 -> 689.85651 | D11: =D8*0.204137629 -> 609.5867 | E11: =E8*0.204137629 -> 346.38932 | F11: =D11/'No Lens'!D11 -> 1.0367121 | G11: 29.1 | H11: =D11/G11 -> 20.947996
A12: Green / RGB | B12: XWR | C12: =C8*0.355680917 -> 1201.9773 | D12: =D8*0.355680917 -> 1062.1185 | E12: =E8*0.355680917 -> 603.53436 | F12: =D12/'No Lens'!D12 -> 1.0547354 | G12: 34.3 | H12: =D12/G12 -> 30.965554
A13: Blue / RGB | B13: XWR | C13: =C8*0.041302273 -> 139.57565 | D13: =D8*0.041302273 -> 123.33501 | E13: =E8*0.041302273 -> 70.083436 | F13: =D13/'No Lens'!D13 -> 1.0364286 | G13: 32.2 | H13: =D13/G13 -> 3.8302798
A14: Full ON / Direct | B14: XWR | C14: =C8*1.043529672 -> 3526.4725 | D14: =D8*1.043529672 -> 3116.1418 | E14: =E8*1.043529672 -> 1770.7051 | F14: =D14/'No Lens'!D14 -> 1.0463875 | G14: 108 | H14: =D14/G14 -> 28.853165
A15: Red / Direct | B15: XWR | C15: =C8*0.203860398 -> 688.91964 | D15: =D8*0.203860398 -> 608.75884 | E15: =E8*0.203860398 -> 345.91891 | F15: =D15/'No Lens'!D15 -> 1.0388376 | G15: 28.8 | H15: =D15/G15 -> 21.13746
A16: Lime / Direct | B16: XWR | C16: =C8*0.454361902 -> 1535.4568 | D16: =D8*0.454361902 -> 1356.7953 | E16: =E8*0.454361902 -> 770.98041 | F16: =D16/'No Lens'!D16 -> 1.0469099 | G16: 22.2 | H16: =D16/G16 -> 61.116905
A17: Green / Direct | B17: XWR | C17: =C8*0.357567841 -> 1208.3539 | D17: =D8*0.357567841 -> 1067.7532 | E17: =E8*0.357567841 -> 606.73617 | F17: =D17/'No Lens'!D17 -> 1.0571814 | G17: 34.2 | H17: =D17/G17 -> 31.220853
A18: Blue / Direct | B18: XWR | C18: =C8*0.037144801 -> 125.52601 | D18: =D8*0.037144801 -> 110.92015 | E18: =E8*0.037144801 -> 63.028862 | F18: =D18/'No Lens'!D18 -> 1.0366369 | G18: 32.3 | H18: =D18/G18 -> 3.4340604
B20: For Field diameter at any distance, multiply distance by | F20: =2*TAN(C5*3.1415926535/360) -> 2.1979713
B22: For Beam diameter at any distance, multiply distance by | F22: =2*TAN(B5*3.1415926535/360) -> 1.4160789
G23: Dist for 1.0 fc
B24: Throw Distance (ft) | C24: 10 | D24: 15 | E24: 20 | F24: 25 | G24: =SQRT(C8) -> 58.132346
B25: Throw Distance (m) | C25: =C24*0.3048 -> 3.048 | D25: =D24*0.3048 -> 4.572 | E25: =E24*0.3048 -> 6.096 | F25: =F24*0.3048 -> 7.62 | G25: =G24*0.3048 -> 17.718739
B26: Field Diameter (ft) | C26: =C24*F20 -> 21.979713 | D26: =D24*F20 -> 32.96957 | E26: =E24*F20 -> 43.959426 | F26: =F24*F20 -> 54.949283
B27: Field Diameter (m) | C27: =C25*F20 -> 6.6994165 | D27: =D25*F20 -> 10.049125 | E27: =E25*F20 -> 13.398833 | F27: =F25*F20 -> 16.748541
B28: Illuminance (fc) | C28: =C8/(C24*C24) -> 33.793697 | D28: =C8/(D24*D24) -> 15.019421 | E28: =C8/(E24*E24) -> 8.4484242 | F28: =C8/(F24*F24) -> 5.4069915
B29: Illuminance (lux) | C29: =C28*10.7639 -> 363.75197 | D29: =D28*10.7639 -> 161.66754 | E29: =E28*10.7639 -> 90.937993 | F29: =F28*10.7639 -> 58.200315
A31: Test Distance | B31: Iso-Illuminance Diagram grid lines
A32: 43.25 | B32: 10 | C32: 20 | D32: 30 | E32: 40
B33: =B32/A32 -> 0.23121387 | C33: =C32/A32 -> 0.46242775 | D33: =D32/A32 -> 0.69364162 | E33: =E32/A32 -> 0.92485549
A60: Measurement: WR rgb mode - Intensity
A62: Measurement: XWR rgb mode re-shoot - Intensity
A64: Degrees | B64: (Cd)
A65: -53.66054 | B65: 0
A66: -53.58355 | B66: 0
A67: -53.50657 | B67: 0
A68: -53.42958 | B68: 0
A69: -53.35259 | B69: 0
A70: -53.2756 | B70: 0
A71: -53.19862 | B71: 0
A72: -53.12163 | B72: 0
A73: -53.04464 | B73: 0
A74: -52.96765 | B74: 0
A75: -52.89066 | B75: 0
A76: -52.81367 | B76: 0
... A1458: 53.58355 | B1458: 0.01245602
B1459: 0
A1460: Degrees | B1460: #VALUE!
A1461: -53.66054 | B1461: 0
A1462: -53.58355 | B1462: 0
A1463: -53.50657 | B1463: 0
A1464: -53.42958 | B1464: 0
A1465: -53.35259 | B1465: 0
A1466: -53.2756 | B1466: 0
A1467: -53.19862 | B1467: 0
A1468: -53.12163 | B1468: 0
A1469: -53.04464 | B1469: 0
A1470: -52.96765 | B1470: 0
A1471: -52.89066 | B1471: 0
A1472: -52.81367 | B1472: 0
... A2854: 53.58355 | B2854: 0

Sheet XWL
A2: Color Source PAR Deep Blue | B2: 43656
B4: Beam Angle | C4: Field Angle
A5: Horizontal | B5: 61.9 | C5: 82.9
F6: Lens Efficiency | G6: Power Consump (Watts) | H6: Efficacy (lm/W)
A7: Mode | B7: Accessory Lens | C7: Candela | D7: Field Lumens | E7: Beam Lumens
A8: Full ON / RGB | B8: XWL | C8: ='No Lens'!C8*XWL!K8 -> 12728.228 | D8: ='No Lens'!D8*XWL!L8 -> 2785.4274 | E8: ='No Lens'!E8*XWL!M8 -> 1457.3684 | F8: =D8/'No Lens'!D8 -> 1.0037576 | G8: 101.2 | H8: =D8/G8 -> 27.523986 | K8: 0.24911883 | L8: 1.0037576 | M8: 0.83660644
A9: 3200K / RGB | B9: XWL | C9: =C8*0.96990745 -> 12345.203 | D9: =D8*0.96990745 -> 2701.6068 | E9: =E8*0.96990745 -> 1413.5125 | F9: =D9/'No Lens'!D9 -> 0.97460563 | G9: 72.3 | H9: =D9/G9 -> 37.366623
A10: 5600K / RGB | B10: XWL | C10: =C8*0.955419195 -> 12160.794 | D10: =D8*0.955419195 -> 2661.2508 | E10: =E8*0.955419195 -> 1392.3978 | F10: =D10/'No Lens'!D10 -> 0.97732311 | G10: 101.6 | H10: =D10/G10 -> 26.193414
A11: Red / RGB | B11: XWL | C11: =C8*0.204137629 -> 2598.3103 | D11: =D8*0.204137629 -> 568.61055 | E11: =E8*0.204137629 -> 297.50373 | F11: =D11/'No Lens'!D11 -> 0.96702475 | G11: 29.1 | H11: =D11/G11 -> 19.539881
A12: Green / RGB | B12: XWL | C12: =C8*0.355680917 -> 4527.1879 | D12: =D8*0.355680917 -> 990.72338 | E12: =E8*0.355680917 -> 518.35814 | F12: =D12/'No Lens'!D12 -> 0.98383653 | G12: 34.3 | H12: =D12/G12 -> 28.884064
A13: Blue / RGB | B13: XWL | C13: =C8*0.041302273 -> 525.70476 | D13: =D8*0.041302273 -> 115.04448 | E13: =E8*0.041302273 -> 60.192628 | F13: =D13/'No Lens'!D13 -> 0.96676037 | G13: 32.2 | H13: =D13/G13 -> 3.5728101
A14: Full ON / Direct | B14: XWL | C14: =C8*1.043529672 -> 13282.284 | D14: =D8*1.043529672 -> 2906.6762 | E14: =E8*1.043529672 -> 1520.8072 | F14: =D14/'No Lens'!D14 -> 0.97604976 | G14: 108 | H14: =D14/G14 -> 26.913668
A15: Red / Direct | B15: XWL | C15: =C8*0.203860398 -> 2594.7817 | D15: =D8*0.203860398 -> 567.83834 | E15: =E8*0.203860398 -> 297.09971 | F15: =D15/'No Lens'!D15 -> 0.96900741 | G15: 28.8 | H15: =D15/G15 -> 19.716609
A16: Lime / Direct | B16: XWL | C16: =C8*0.454361902 -> 5783.222 | D16: =D8*0.454361902 -> 1265.5921 | E16: =E8*0.454361902 -> 662.17269 | F16: =D16/'No Lens'!D16 -> 0.97653712 | G16: 22.2 | H16: =D16/G16 -> 57.008653
A17: Green / Direct | B17: XWL | C17: =C8*0.357567841 -> 4551.2051 | D17: =D8*0.357567841 -> 995.97927 | E17: =E8*0.357567841 -> 521.10808 | F17: =D17/'No Lens'!D17 -> 0.98611809 | G17: 34.2 | H17: =D17/G17 -> 29.122201
A18: Blue / Direct | B18: XWL | C18: =C8*0.037144801 -> 472.78751 | D18: =D8*0.037144801 -> 103.46415 | E18: =E8*0.037144801 -> 54.13366 | F18: =D18/'No Lens'!D18 -> 0.96695465 | G18: 32.3 | H18: =D18/G18 -> 3.2032244
B20: For Field diameter at any distance, multiply distance by | F20: =2*TAN(C5*3.1415926535/360) -> 1.7663415
B22: For Beam diameter at any distance, multiply distance by | F22: =2*TAN(B5*3.1415926535/360) -> 1.199347
G23: Dist for 1.0 fc
B24: Throw Distance (ft) | C24: 10 | D24: 15 | E24: 20 | F24: 25 | G24: =SQRT(C8) -> 112.81945
B25: Throw Distance (m) | C25: =C24*0.3048 -> 3.048 | D25: =D24*0.3048 -> 4.572 | E25: =E24*0.3048 -> 6.096 | F25: =F24*0.3048 -> 7.62 | G25: =G24*0.3048 -> 34.387368
B26: Field Diameter (ft) | C26: =C24*F20 -> 17.663415 | D26: =D24*F20 -> 26.495122 | E26: =E24*F20 -> 35.326829 | F26: =F24*F20 -> 44.158537
B27: Field Diameter (m) | C27: =C25*F20 -> 5.3838088 | D27: =D25*F20 -> 8.0757132 | E27: =E25*F20 -> 10.767618 | F27: =F25*F20 -> 13.459522
B28: Illuminance (fc) | C28: =C8/(C24*C24) -> 127.28228 | D28: =C8/(D24*D24) -> 56.569903 | E28: =C8/(E24*E24) -> 31.820571 | F28: =C8/(F24*F24) -> 20.365165
B29: Illuminance (lux) | C29: =C28*10.7639 -> 1370.0538 | D29: =D28*10.7639 -> 608.91278 | E29: =E28*10.7639 -> 342.51344 | F29: =F28*10.7639 -> 219.2086
B31: Beam Angle | C31: Field Angle
A32: Vertical | B32: 15.5 | C32: 31.7
B34: For Field height at any distance, multiply distance by | F34: =2*TAN(C32*3.1415926535/360) -> 0.5678285
B36: For Beam height at any distance, multiply distance by | F36: =2*TAN(B32*3.1415926535/360) -> 0.27218805
A38: Test Distance | B38: Iso-Illuminance Diagram grid lines
A39: 50.75 | B39: 10 | C39: 20 | D39: 30 | E39: 40 | F39: 50
B40: =B39/A39 -> 0.19704433 | C40: =C39/A39 -> 0.39408867 | D40: =D39/A39 -> 0.591133 | E40: =E39/A39 -> 0.78817734 | F40: =F39/A39 -> 0.98522167
A46: Measurement: XWL rgb mode - Intensity
A48: Degrees | B48: (Cd)
A49: -49.21193 | B49: 0
A50: -49.14132 | B50: 0
A51: -49.07072 | B51: 0
A52: -49.00011 | B52: 0
A53: -48.92951 | B53: 0
A54: -48.8589 | B54: 0
A55: -48.7883 | B55: 0
A56: -48.71769 | B56: 0
A57: -48.64709 | B57: 0
A58: -48.57648 | B58: 0
A59: -48.50587 | B59: 0
A60: -48.43527 | B60: 0
... A1442: 49.14132 | B1442: 0.032504859
B1443: 0
A1444: Degrees | B1444: #VALUE!
A1445: -49.21193 | B1445: 0
A1446: -49.14132 | B1446: 0
A1447: -49.07072 | B1447: 0
A1448: -49.00011 | B1448: 0
A1449: -48.92951 | B1449: 0
A1450: -48.8589 | B1450: 0
A1451: -48.7883 | B1451: 0
A1452: -48.71769 | B1452: 0
A1453: -48.64709 | B1453: 0
A1454: -48.57648 | B1454: 0
A1455: -48.50587 | B1455: 0
A1456: -48.43527 | B1456: 0
... A2838: 49.14132 | B2838: 0

Sheet Multipliers
A1: Mode | B1: Setting | C1: Beam Lumens | D1: Field Lumens | E1: Candela | F1: Beam Lumen m.f. | G1: Field lumen m.f. | H1: candela m.f. | I1: average
A2: RGB | B2: full | C2: 1742 | D2: 2775 | E2: 51093 | F2: =C2/C$2 -> 1 | G2: 1 | H2: 1 | I2: 1
A3: RGB | B3: 3200K | C3: 1738 | D3: 2772 | E3: 46653 | F3: =C3/C$2 -> 0.99770379 | G3: =D3/D$2 -> 0.99891892 | H3: =E3/E$2 -> 0.91309964 | I3: =AVERAGE(F3:H3) -> 0.96990745
A4: RGB | B4: 5600K | C4: 1706 | D4: 2723 | E4: 46273 | F4: =C4/C$2 -> 0.9793341 | G4: =D4/D$2 -> 0.98126126 | H4: =E4/E$2 -> 0.90566222 | I4: =AVERAGE(F4:H4) -> 0.95541919
A5: RGB | B5: red | C5: 363 | D5: 588 | E5: 9817 | F5: =C5/C$2 -> 0.20838117 | G5: =D5/D$2 -> 0.21189189 | H5: =E5/E$2 -> 0.19213982 | I5: =AVERAGE(F5:H5) -> 0.20413763
A6: RGB | B6: green | C6: 623 | D6: 1007 | E6: 17705 | F6: =C6/C$2 -> 0.3576349 | G6: =D6/D$2 -> 0.36288288 | H6: =E6/E$2 -> 0.34652496 | I6: =AVERAGE(F6:H6) -> 0.35568092
A7: RGB | B7: blue | C7: 75 | D7: 119 | E7: 1940 | F7: =C7/C$2 -> 0.043053961 | G7: =D7/D$2 -> 0.042882883 | H7: =E7/E$2 -> 0.037969976 | I7: =AVERAGE(F7:H7) -> 0.041302273
A8: Direct | B8: full | C8: 1874 | D8: 2978 | E8: 50156 | F8: =C8/C$2 -> 1.075775 | G8: =D8/D$2 -> 1.0731532 | H8: =E8/E$2 -> 0.98166089 | I8: =AVERAGE(F8:H8) -> 1.0435297
A9: Direct | B9: red | C9: 364 | D9: 586 | E9: 9782 | F9: =C9/C$2 -> 0.20895522 | G9: =D9/D$2 -> 0.21117117 | H9: =E9/E$2 -> 0.1914548 | I9: =AVERAGE(F9:H9) -> 0.2038604
A10: Direct | B10: lime | C10: 822 | D10: 1296 | E10: 21673 | F10: =C10/C$2 -> 0.47187141 | G10: =D10/D$2 -> 0.46702703 | H10: =E10/E$2 -> 0.42418727 | I10: =AVERAGE(F10:H10) -> 0.4543619
A11: Direct | B11: green | C11: 626 | D11: 1010 | E11: 17851 | F11: =C11/C$2 -> 0.35935706 | G11: =D11/D$2 -> 0.36396396 | H11: =E11/E$2 -> 0.3493825 | I11: =AVERAGE(F11:H11) -> 0.35756784
A12: Direct | B12: blue | C12: 68 | D12: 107 | E12: 1729 | F12: =C12/C$2 -> 0.039035591 | G12: =D12/D$2 -> 0.038558559 | H12: =E12/E$2 -> 0.033840252 | I12: =AVERAGE(F12:H12) -> 0.037144801
B17: Candela | C17: Field Lumens | D17: Beam Lumens
A18: No Lens | B18: 32627 | C18: 2129 | D18: 1273 | E18: =B18/B$18 -> 1 | F18: =C18/C$18 -> 1 | G18: =D18/D$18 -> 1
A19: VNR | B19: 28646 | C19: 1992 | D19: 1577 | E19: =B19/B$18 -> 0.87798449 | F19: =C19/C$18 -> 0.93565054 | G19: =D19/D$18 -> 1.238806
A20: VNL | B20: 16873 | C20: 2123 | D20: 1208 | E20: =B20/B$18 -> 0.51714837 | F20: =C20/C$18 -> 0.99718178 | G20: =D20/D$18 -> 0.94893951
A21: NR | B21: 22407 | C21: 1937 | D21: 977 | E21: =B21/B$18 -> 0.6867625 | F21: =C21/C$18 -> 0.90981682 | G21: =D21/D$18 -> 0.7674784
A22: NL | B22: 16926 | C22: 2076 | D22: 1179 | E22: =B22/B$18 -> 0.5187728 | F22: =C22/C$18 -> 0.97510568 | G22: =D22/D$18 -> 0.92615868
A23: NO | B23: 19498 | C23: 2032 | D23: 1020 | E23: =B23/B$18 -> 0.59760321 | F23: =C23/C$18 -> 0.9544387 | G23: =D23/D$18 -> 0.80125687
A24: MR | B24: 9728 | C24: 1924 | D24: 867 | E24: =B24/B$18 -> 0.29815797 | F24: =C24/C$18 -> 0.90371066 | G24: =D24/D$18 -> 0.68106834
A25: MO | B25: 12873 | C25: 1951 | D25: 919 | E25: =B25/B$18 -> 0.39455053 | F25: =C25/C$18 -> 0.91639267 | G25: =D25/D$18 -> 0.72191673
A26: ML | B26: 11452 | C26: 2175 | D26: 1256 | E26: =B26/B$18 -> 0.35099764 | F26: =C26/C$18 -> 1.0216064 | G26: =D26/D$18 -> 0.98664572
A27: WR | B27: 4081 | C27: 2177 | D27: 1068 | E27: =B27/B$18 -> 0.12508045 | F27: =C27/C$18 -> 1.0225458 | G27: =D27/D$18 -> 0.83896308
A28: WO | B28: 12794 | C28: 1926 | D28: 903 | E28: =B28/B$18 -> 0.39212922 | F28: =C28/C$18 -> 0.90465007 | G28: =D28/D$18 -> 0.709348
A29: WL | B29: 8470 | C29: 2296 | D29: 1101 | E29: =B29/B$18 -> 0.25960094 | F29: =C29/C$18 -> 1.0784406 | G29: =D29/D$18 -> 0.8648861
... A31: XWL | B31: 8128 | C31: 2137 | D31: 1065 | E31: =B31/B$18 -> 0.24911883 | F31: =C31/C$18 -> 1.0037576 | G31: =D31/D$18 -> 0.83660644

Sheet Vivid Plots
B1: X | D1: Y | G1: factor
A2: -11.873 | B2: 0 | C2: -11.918 | D2: 1800.117 | E2: =B2*$G$2 -> 0 | F2: =D2*$G$2 -> 1800.117 | G2: 1
A3: -11.827 | B3: 0 | C3: -11.873 | D3: 1797.319 | E3: =B3*$G$2 -> 0 | F3: =D3*$G$2 -> 1797.319
A4: -11.782 | B4: 0 | C4: -11.827 | D4: 1791.486 | E4: =B4*$G$2 -> 0 | F4: =D4*$G$2 -> 1791.486
A5: -11.737 | B5: 196.884 | C5: -11.782 | D5: 1798.428 | E5: =B5*$G$2 -> 196.884 | F5: =D5*$G$2 -> 1798.428
A6: -11.692 | B6: 525.047 | C6: -11.737 | D6: 1812.132 | E6: =B6*$G$2 -> 525.047 | F6: =D6*$G$2 -> 1812.132
A7: -11.646 | B7: 848.874 | C7: -11.692 | D7: 1832.167 | E7: =B7*$G$2 -> 848.874 | F7: =D7*$G$2 -> 1832.167
A8: -11.601 | B8: 1176.61 | C8: -11.646 | D8: 1856.622 | E8: =B8*$G$2 -> 1176.61 | F8: =D8*$G$2 -> 1856.622
A9: -11.556 | B9: 1377.602 | C9: -11.601 | D9: 1884.857 | E9: =B9*$G$2 -> 1377.602 | F9: =D9*$G$2 -> 1884.857
A10: -11.51 | B10: 1389.593 | C10: -11.556 | D10: 1904.413 | E10: =B10*$G$2 -> 1389.593 | F10: =D10*$G$2 -> 1904.413
A11: -11.465 | B11: 1408.743 | C11: -11.51 | D11: 1922.055 | E11: =B11*$G$2 -> 1408.743 | F11: =D11*$G$2 -> 1922.055
A12: -11.42 | B12: 1428.719 | C12: -11.465 | D12: 1946.009 | E12: =B12*$G$2 -> 1428.719 | F12: =D12*$G$2 -> 1946.009
A13: -11.374 | B13: 1456.895 | C13: -11.42 | D13: 1969.521 | E13: =B13*$G$2 -> 1456.895 | F13: =D13*$G$2 -> 1969.521
A14: -11.329 | B14: 1474.518 | C14: -11.374 | D14: 1991.329 | E14: =B14*$G$2 -> 1474.518 | F14: =D14*$G$2 -> 1991.329
... A513: 11.873 | B513: 2026.37 | C513: 11.827 | D513: 691.503 | E513: =B513*$G$2 -> 2026.37 | F513: =D513*$G$2 -> 691.503

Sheet Paletta Plots
B1: X | D1: Y | G1: factor
A2: -29.091 | B2: 89.428 | C2: -28.113 | D2: 99.075 | E2: =B2*$G$2 -> 89.428 | F2: =D2*$G$2 -> 99.075 | G2: 1
A3: -28.983 | B3: 89.024 | C3: -28.003 | D3: 98.523 | E3: =B3*$G$2 -> 89.024 | F3: =D3*$G$2 -> 98.523
A4: -28.875 | B4: 89.641 | C4: -27.893 | D4: 98.565 | E4: =B4*$G$2 -> 89.641 | F4: =D4*$G$2 -> 98.565
A5: -28.767 | B5: 91.827 | C5: -27.782 | D5: 100.487 | E5: =B5*$G$2 -> 91.827 | F5: =D5*$G$2 -> 100.487
A6: -28.658 | B6: 91.002 | C6: -27.672 | D6: 103.273 | E6: =B6*$G$2 -> 91.002 | F6: =D6*$G$2 -> 103.273
A7: -28.55 | B7: 90.66 | C7: -27.561 | D7: 104.646 | E7: =B7*$G$2 -> 90.66 | F7: =D7*$G$2 -> 104.646
A8: -28.441 | B8: 94.133 | C8: -27.45 | D8: 106.474 | E8: =B8*$G$2 -> 94.133 | F8: =D8*$G$2 -> 106.474
A9: -28.332 | B9: 96.516 | C9: -27.339 | D9: 108.869 | E9: =B9*$G$2 -> 96.516 | F9: =D9*$G$2 -> 108.869
A10: -28.222 | B10: 98.469 | C10: -27.228 | D10: 110.904 | E10: =B10*$G$2 -> 98.469 | F10: =D10*$G$2 -> 110.904
A11: -28.113 | B11: 99.76 | C11: -27.116 | D11: 108.849 | E11: =B11*$G$2 -> 99.76 | F11: =D11*$G$2 -> 108.849
A12: -28.003 | B12: 101.809 | C12: -27.004 | D12: 109.096 | E12: =B12*$G$2 -> 101.809 | F12: =D12*$G$2 -> 109.096
A13: -27.893 | B13: 100.501 | C13: -26.892 | D13: 109.913 | E13: =B13*$G$2 -> 100.501 | F13: =D13*$G$2 -> 109.913
A14: -27.782 | B14: 100.136 | C14: -26.78 | D14: 111.807 | E14: =B14*$G$2 -> 100.136 | F14: =D14*$G$2 -> 111.807
... A447: 28.332 | B447: 106.642 | C447: 27.893 | D447: 84.191 | E447: =B447*$G$2 -> 106.642 | F447: =D447*$G$2 -> 84.191
A448: 28.441 | B448: 105.866

Sheet Lustr Plots
B1: X | D1: Y | G1: factor
A2: -32.12 | B2: 0 | C2: -32.221 | D2: 122.869 | E2: =B2*$G$2 -> 0 | F2: =D2*$G$2 -> 122.869 | G2: 1
A3: -32.019 | B3: 0 | C3: -32.12 | D3: 120.57 | E3: =B3*$G$2 -> 0 | F3: =D3*$G$2 -> 120.57
A4: -31.917 | B4: 0 | C4: -32.019 | D4: 118.22 | E4: =B4*$G$2 -> 0 | F4: =D4*$G$2 -> 118.22
A5: -31.815 | B5: 17.56 | C5: -31.917 | D5: 115.113 | E5: =B5*$G$2 -> 17.56 | F5: =D5*$G$2 -> 115.113
A6: -31.714 | B6: 47.637 | C6: -31.815 | D6: 113.676 | E6: =B6*$G$2 -> 47.637 | F6: =D6*$G$2 -> 113.676
A7: -31.611 | B7: 78.368 | C7: -31.714 | D7: 114.551 | E7: =B7*$G$2 -> 78.368 | F7: =D7*$G$2 -> 114.551
A8: -31.509 | B8: 106.086 | C8: -31.611 | D8: 117.715 | E8: =B8*$G$2 -> 106.086 | F8: =D8*$G$2 -> 117.715
A9: -31.406 | B9: 125.282 | C9: -31.509 | D9: 118.505 | E9: =B9*$G$2 -> 125.282 | F9: =D9*$G$2 -> 118.505
A10: -31.303 | B10: 125.846 | C10: -31.406 | D10: 120.722 | E10: =B10*$G$2 -> 125.846 | F10: =D10*$G$2 -> 120.722
A11: -31.2 | B11: 127.635 | C11: -31.303 | D11: 122.859 | E11: =B11*$G$2 -> 127.635 | F11: =D11*$G$2 -> 122.859
A12: -31.097 | B12: 131.411 | C12: -31.2 | D12: 126.664 | E12: =B12*$G$2 -> 131.411 | F12: =D12*$G$2 -> 126.664
A13: -30.993 | B13: 133.684 | C13: -31.097 | D13: 128.831 | E13: =B13*$G$2 -> 133.684 | F13: =D13*$G$2 -> 128.831
A14: -30.89 | B14: 131.07 | C14: -30.993 | D14: 131.048 | E14: =B14*$G$2 -> 131.07 | F14: =D14*$G$2 -> 131.048
... A513: 32.12 | B513: 120.57 | C513: 32.019 | D513: 45.122 | E513: =B513*$G$2 -> 120.57 | F513: =D513*$G$2 -> 45.122

Sheet Lenses & Diffusers
A1: Note : All measurments are with a Vivid
A2: Luminit Diffuser | B2: Side Facing LEDs | C2: Field Lumens | D2: Field Angle Horiz | E2: Field Angle Vert | F2: Lens Efficiency
A3: none | C3: 1127 | D3: 21.09 | E3: 19.14 | F3: 1
A4: 20 | B4: smooth | C4: 1034 | D4: 46.4 | E4: 44.9 | F4: 0.91748004
A5: 20 | B5: rough | C5: 1112 | D5: 47.29 | E5: 45.71 | F5: 0.98669033
A6: 30x5 | B6: rough | C6: 1078 | D6: 64.74 | E6: 25.45 | F6: 0.95652174
A7: 40 | B7: rough | C7: 1114 | D7: 74.31 | E7: 76.21 | F7: 0.98846495
A8: 60x10 | B8: rough | C8: 1062 | D8: 74.87 | E8: 30.62 | F8: 0.94232476
A9: 60 | B9: rough | C9: 1003 | D9: 74.87 | E9: 76.64 | F9: 0.88997338
A10: 75x35 | B10: rough | C10: 1031 | D10: 75* | E10: 61.68 | F10: 0.9148181 | G10: *note - we could not capture the full field width
A13: MicrolensLens | B13: Lens Efficiency | E13: Vivid Field Angle Horiz | F13: Vivid Field Angle Vert | G13: Paletta Field Angle Horiz | H13: Paletta Field Angle Vert | I13: Lustr Field Angle Horiz | J13: Lustr Field Angle Vert
B14: Vivid | C14: Paletta | D14: Lustr
A15: none | B15: na | C15: na | D15: na | E15: 18.6 | F15: 18.6 | G15: 25.7 | H15: 25.7 | I15: 26.4 | J15: 26.4 | K15: =I15-G15 -> 0.7 | L15: =J15-H15 -> 0.7
A16: H40 | B16: 0.978 | C16: 0.936 | D16: 0.935 | E16: 41.3 | F16: 21.3 | G16: 44.6 | H16: 26.8 | I16: 45.2 | J16: 27.1 | K16: =I16-G16 -> 0.6 | L16: =J16-H16 -> 0.3
A17: V40 | B17: 1.004 | C17: 0.945 | D17: 0.946 | E17: 23.5 | F17: 40.7 | G17: 28.8 | H17: 44 | I17: 28.9 | J17: 44.7 | K17: =I17-G17 -> 0.1 | L17: =J17-H17 -> 0.7
A18: H50 | B18: 0.96 | C18: 0.936 | D18: 0.951 | E18: 72.3 | F18: 21.9 | G18: 74.4 | H18: 27.1 | I18: 75 | J18: 28 | K18: =I18-G18 -> 0.6 | L18: =J18-H18 -> 0.9
A19: V50 | B19: 0.978 | C19: 0.945 | D19: 0.946 | E19: 24.8 | F19: 72.3 | G19: 29.5 | H19: 76 | I19: 31.3 | J19: 76.6 | K19: =I19-G19 -> 1.8 | L19: =J19-H19 -> 0.6
A20: H60 | B20: 0.978 | C20: 0.945 | D20: 0.957 | E20: 68.2 | F20: 21.6 | G20: 71.3 | H20: 27.3 | I20: 71.4 | J20: 27.8 | K20: =I20-G20 -> 0.1 | L20: =J20-H20 -> 0.5
A21: V60 | B21: 0.996 | C21: 0.954 | D21: 0.968 | E21: 24.9 | F21: 67.6 | G21: 30.6 | H21: 70.8 | I21: 31.3 | J21: 71.2 | K21: =I21-G21 -> 0.7 | L21: =J21-H21 -> 0.4
A22: H70 | B22: 0.96 | C22: 0.918 | D22: 0.935 | E22: 72.8 | F22: 21.7 | G22: 78 | H22: 28 | I22: 79.2 | J22: 28 | K22: =I22-G22 -> 1.2 | L22: =J22-H22 -> 0
A23: V70 | B23: 0.978 | C23: 0.918 | D23: 0.946 | E23: 25.1 | F23: 72.9 | G23: 31.3 | H23: 78.5 | I23: 31 | J23: 79.4 | K23: =I23-G23 -> -0.3 | L23: =J23-H23 -> 0.9
A24: H80 | B24: 0.924 | C24: 0.9 | D24: 0.908 | E24: ~78 | F24: 22.2 | G24: 80 | H24: 27.5 | I24: 82.5 | J24: 28.2 | K24: =I24-G24 -> 2.5 | L24: =J24-H24 -> 0.7
A25: V80 | B25: 0.951 | C25: 0.909 | D25: 0.924 | E25: 26.5 | F25: 80.3 | G25: 31 | H25: 82 | I25: 31.3 | J25: 82.5 | K25: =I25-G25 -> 0.3 | L25: =J25-H25 -> 0.5
A26: H40 + V40 | B26: 0.907 | C26: 0.864 | D26: 0.869 | E26: 44.7 | F26: 42.6 | G26: 47.6 | H26: 45.7 | I26: 48.1 | J26: 46.6 | K26: =I26-G26 -> 0.5 | L26: =J26-H26 -> 0.9
A27: H60 + V60 | B27: 0.951 | C27: 0.918 | D27: 0.924 | E27: 70.4 | F27: 70.2 | G27: 73.8 | H27: 72.3 | I27: 73.6 | J27: 72.4 | K27: =I27-G27 -> -0.2 | L27: =J27-H27 -> 0.1
A28: H40 + V60 | B28: 0.924 | C28: 0.891 | D28: 0.897 | E28: 45.3 | F28: 69.8 | G28: 48.5 | H28: 72.1 | I28: 48.8 | J28: 72.4 | K28: =I28-G28 -> 0.3 | L28: =J28-H28 -> 0.3
A29: H40 + V80 | B29: 0.889 | C29: 0.855 | D29: 0.858 | E29: 45.8 | F29: 81.4 | G29: 48.6 | H29: 82 | I29: 49.1 | J29: 82.6 | K29: =I29-G29 -> 0.5 | L29: =J29-H29 -> 0.6
K30: =AVERAGE(K16:K29) -> 0.62142857 | L30: =AVERAGE(L16:L29) -> 0.52857143

Sheet Vivid H40
A1: Selador | B1: Lamp | D1: Wattage
A2: Vivid | B2: Lumileds K2 | D2: 122 | F2: Note: Owing to the variability of LEDs, output data and color matches should be viewed as approximate
F4: Note: All data taken with room temperature fixture
B5: Beam Angle | C5: Field Angle
A6: Horizontal | B6: 28.9 | C6: 41.3
B8: Accessory Lens | C8: Candela | D8: Field Lumens | E8: Beam Lumens | F8: Lens Efficiency | G8: Efficacy
B9: H40 | C9: 12130 | D9: 1100 | E9: 650 | F9: =D9/1125 -> 0.97777778 | G9: =D9/D2 -> 9.0163934
B12: For Field diameter at any distance, multiply distance by | F12: =2*TAN(C6*3.1415926535/360) -> 0.75374315
B14: For Beam diameter at any distance, multiply distance by | F14: =2*TAN(B6*3.1415926535/360) -> 0.51537353
B16: Throw Distance (ft) | C16: 10 | D16: 15 | E16: 20 | F16: 25
B17: Throw Distance (m) | C17: =C16*0.3048 -> 3.048 | D17: =D16*0.3048 -> 4.572 | E17: =E16*0.3048 -> 6.096 | F17: =F16*0.3048 -> 7.62
B18: Field Diameter (ft) | C18: =C16*F12 -> 7.5374315 | D18: =D16*F12 -> 11.306147 | E18: =E16*F12 -> 15.074863 | F18: =F16*F12 -> 18.843579
B19: Field Diameter (m) | C19: =C17*F12 -> 2.2974091 | D19: =D17*F12 -> 3.4461137 | E19: =E17*F12 -> 4.5948182 | F19: =F17*F12 -> 5.7435228
B20: Illuminance (fc) | C20: =C9/(C16*C16) -> 121.3 | D20: =C9/(D16*D16) -> 53.911111 | E20: =C9/(E16*E16) -> 30.325 | F20: =C9/(F16*F16) -> 19.408
B21: Illuminance (lux) | C21: =C20*10.7639 -> 1305.6611 | D21: =D20*10.7639 -> 580.29381 | E21: =E20*10.7639 -> 326.41527 | F21: =F20*10.7639 -> 208.90577
A24: Test Distance | B24: Iso-Illuminance Diagram grid lines
A25: 72 | B25: 10 | C25: 20 | D25: 30 | E25: 40
B26: =B25/A25 -> 0.13888889 | C26: =C25/A25 -> 0.27777778 | D26: =D25/A25 -> 0.41666667 | E26: =E25/A25 -> 0.55555556
B28: Beam Angle | C28: Field Angle
A29: Vertical | B29: 10 | C29: 21.3
B32: For Field diameter at any distance, multiply distance by | F32: =2*TAN(C29*3.1415926535/360) -> 0.37609658
B34: For Beam diameter at any distance, multiply distance by | F34: =2*TAN(B29*3.1415926535/360) -> 0.17497733
B36: Throw Distance (ft) | C36: 10 | D36: 15 | E36: 20 | F36: 25
B37: Throw Distance (m) | C37: =C36*0.3048 -> 3.048 | D37: =D36*0.3048 -> 4.572 | E37: =E36*0.3048 -> 6.096 | F37: =F36*0.3048 -> 7.62
B38: Field Diameter (ft) | C38: =C36*F32 -> 3.7609658 | D38: =D36*F32 -> 5.6414487 | E38: =E36*F32 -> 7.5219316 | F38: =F36*F32 -> 9.4024145
B39: Field Diameter (m) | C39: =C37*F32 -> 1.1463424 | D39: =D37*F32 -> 1.7195136 | E39: =E37*F32 -> 2.2926847 | F39: =F37*F32 -> 2.8658559
B40: Illuminance (fc) | C40: =C9/(C36*C36) -> 121.3 | D40: =C9/(D36*D36) -> 53.911111 | E40: =C9/(E36*E36) -> 30.325 | F40: =C9/(F36*F36) -> 19.408
B41: Illuminance (lux) | C41: =C40*10.7639 -> 1305.6611 | D41: =D40*10.7639 -> 580.29381 | E41: =E40*10.7639 -> 326.41527 | F41: =F40*10.7639 -> 208.90577
B43: X | D43: Y
A44: -17.18 | B44: 0 | C44: -17.243 | D44: 893.935
A45: -17.117 | B45: 0 | C45: -17.18 | D45: 903.395
A46: -17.053 | B46: 0 | C46: -17.117 | D46: 909.77
A47: -16.99 | B47: 128.031 | C47: -17.053 | D47: 920.21
A48: -16.926 | B48: 344.851 | C48: -16.99 | D48: 930.746
A49: -16.862 | B49: 562.378 | C49: -16.926 | D49: 941.893
A50: -16.799 | B50: 780.611 | C50: -16.862 | D50: 953.134
A51: -16.735 | B51: 914.197 | C51: -16.799 | D51: 968.358
A52: -16.671 | B52: 926.352 | C52: -16.735 | D52: 984.753
A53: -16.608 | B53: 939.397 | C53: -16.671 | D53: 1004.599
A54: -16.544 | B54: 950.026 | C54: -16.608 | D54: 1020.816
A55: -16.48 | B55: 966.611 | C55: -16.544 | D55: 1038.883
... A555: 17.18 | B555: 648.179 | C555: 17.117 | D555: 439.299

Sheet Vivid V40 
A1: Selador | B1: Lamp | D1: Wattage
A2: Vivid | B2: Lumileds K2 | D2: 122 | F2: Note: Owing to the variability of LEDs, output data and color matches should be viewed as approximate
F4: Note: All data taken with room temperature fixture
B5: Beam Angle | C5: Field Angle
A6: Horizontal | B6: 11.8 | C6: 23.5
B8: Accessory Lens | C8: Candela | D8: Field Lumens | E8: Beam Lumens | F8: Lens Efficiency | G8: Efficacy
B9: V40 | C9: 10660 | D9: 1130 | E9: 710 | F9: =D9/1125 -> 1.0044444 | G9: =D9/D2 -> 9.2622951
B12: For Field diameter at any distance, multiply distance by | F12: =2*TAN(C6*3.1415926535/360) -> 0.4160006
B14: For Beam diameter at any distance, multiply distance by | F14: =2*TAN(B6*3.1415926535/360) -> 0.20667989
B16: Throw Distance (ft) | C16: 10 | D16: 15 | E16: 20 | F16: 25
B17: Throw Distance (m) | C17: =C16*0.3048 -> 3.048 | D17: =D16*0.3048 -> 4.572 | E17: =E16*0.3048 -> 6.096 | F17: =F16*0.3048 -> 7.62
B18: Field Diameter (ft) | C18: =C16*F12 -> 4.160006 | D18: =D16*F12 -> 6.240009 | E18: =E16*F12 -> 8.320012 | F18: =F16*F12 -> 10.400015
B19: Field Diameter (m) | C19: =C17*F12 -> 1.2679698 | D19: =D17*F12 -> 1.9019547 | E19: =E17*F12 -> 2.5359396 | F19: =F17*F12 -> 3.1699246
B20: Illuminance (fc) | C20: =C9/(C16*C16) -> 106.6 | D20: =C9/(D16*D16) -> 47.377778 | E20: =C9/(E16*E16) -> 26.65 | F20: =C9/(F16*F16) -> 17.056
B21: Illuminance (lux) | C21: =C20*10.7639 -> 1147.4317 | D21: =D20*10.7639 -> 509.96966 | E21: =E20*10.7639 -> 286.85793 | F21: =F20*10.7639 -> 183.58908
A24: Test Distance | B24: Iso-Illuminance Diagram grid lines
A25: 72 | B25: 10 | C25: 20 | D25: 30 | E25: 40
B26: =B25/A25 -> 0.13888889 | C26: =C25/A25 -> 0.27777778 | D26: =D25/A25 -> 0.41666667 | E26: =E25/A25 -> 0.55555556
B28: Beam Angle | C28: Field Angle
A29: Vertical | B29: 28.9 | C29: 40.7
B32: For Field diameter at any distance, multiply distance by | F32: =2*TAN(C29*3.1415926535/360) -> 0.74180726
B34: For Beam diameter at any distance, multiply distance by | F34: =2*TAN(B29*3.1415926535/360) -> 0.51537353
B36: Throw Distance (ft) | C36: =C16 -> 10 | D36: =D16 -> 15 | E36: =E16 -> 20 | F36: =F16 -> 25
B37: Throw Distance (m) | C37: =C36*0.3048 -> 3.048 | D37: =D36*0.3048 -> 4.572 | E37: =E36*0.3048 -> 6.096 | F37: =F36*0.3048 -> 7.62
B38: Field Diameter (ft) | C38: =C36*F32 -> 7.4180726 | D38: =D36*F32 -> 11.127109 | E38: =E36*F32 -> 14.836145 | F38: =F36*F32 -> 18.545181
B39: Field Diameter (m) | C39: =C37*F32 -> 2.2610285 | D39: =D37*F32 -> 3.3915428 | E39: =E37*F32 -> 4.522057 | F39: =F37*F32 -> 5.6525713
B40: Illuminance (fc) | C40: =C9/(C36*C36) -> 106.6 | D40: =C9/(D36*D36) -> 47.377778 | E40: =C9/(E36*E36) -> 26.65 | F40: =C9/(F36*F36) -> 17.056
B41: Illuminance (lux) | C41: =C40*10.7639 -> 1147.4317 | D41: =D40*10.7639 -> 509.96966 | E41: =E40*10.7639 -> 286.85793 | F41: =F40*10.7639 -> 183.58908
B43: X | D43: Y
A44: -32.12 | B44: 0 | C44: -32.221 | D44: 137.863
A45: -32.019 | B45: 0 | C45: -32.12 | D45: 137.401
A46: -31.917 | B46: 0 | C46: -32.019 | D46: 136.734
A47: -31.815 | B47: 8.4 | C47: -31.917 | D47: 136.325
A48: -31.714 | B48: 22.096 | C48: -31.815 | D48: 137.52
A49: -31.611 | B49: 36.648 | C49: -31.714 | D49: 140
A50: -31.509 | B50: 51.834 | C50: -31.611 | D50: 141.561
A51: -31.406 | B51: 60.637 | C51: -31.509 | D51: 142.467
A52: -31.303 | B52: 60.779 | C52: -31.406 | D52: 141.743
A53: -31.2 | B53: 61.005 | C53: -31.303 | D53: 141.705
A54: -31.097 | B54: 60.806 | C54: -31.2 | D54: 145.02
A55: -30.993 | B55: 60.861 | C55: -31.097 | D55: 149.539
... A555: 32.12 | B555: 72.042 | C555: 32.019 | D555: 50.598

Sheet Vivid H50
A1: Selador | B1: Lamp | D1: Wattage
A2: Vivid | B2: Lumileds K2 | D2: 122 | F2: Note: Owing to the variability of LEDs, output data and color matches should be viewed as approximate
F4: Note: All data taken with room temperature fixture
B5: Beam Angle | C5: Field Angle
A6: Horizontal | B6: 58.7 | C6: 72.3
B8: Accessory Lens | C8: Candela | D8: Field Lumens | E8: Beam Lumens | F8: Lens Efficiency | G8: Efficacy
B9: H50 | C9: 6450 | D9: 1080 | E9: 570 | F9: =D9/1125 -> 0.96 | G9: =D9/D2 -> 8.852459
B12: For Field diameter at any distance, multiply distance by | F12: =2*TAN(C6*3.1415926535/360) -> 1.4611002
B14: For Beam diameter at any distance, multiply distance by | F14: =2*TAN(B6*3.1415926535/360) -> 1.1246437
B16: Throw Distance (ft) | C16: 10 | D16: 15 | E16: 20 | F16: 25
B17: Throw Distance (m) | C17: =C16*0.3048 -> 3.048 | D17: =D16*0.3048 -> 4.572 | E17: =E16*0.3048 -> 6.096 | F17: =F16*0.3048 -> 7.62
B18: Field Diameter (ft) | C18: =C16*F12 -> 14.611002 | D18: =D16*F12 -> 21.916503 | E18: =E16*F12 -> 29.222004 | F18: =F16*F12 -> 36.527505
B19: Field Diameter (m) | C19: =C17*F12 -> 4.4534334 | D19: =D17*F12 -> 6.6801501 | E19: =E17*F12 -> 8.9068668 | F19: =F17*F12 -> 11.133584
B20: Illuminance (fc) | C20: =C9/(C16*C16) -> 64.5 | D20: =C9/(D16*D16) -> 28.666667 | E20: =C9/(E16*E16) -> 16.125 | F20: =C9/(F16*F16) -> 10.32
B21: Illuminance (lux) | C21: =C20*10.7639 -> 694.27155 | D21: =D20*10.7639 -> 308.56513 | E21: =E20*10.7639 -> 173.56789 | F21: =F20*10.7639 -> 111.08345
A24: Test Distance | B24: Iso-Illuminance Diagram grid lines
A25: 61 | B25: 10 | C25: 20 | D25: 30 | E25: 40
B26: =B25/A25 -> 0.16393443 | C26: =C25/A25 -> 0.32786885 | D26: =D25/A25 -> 0.49180328 | E26: =E25/A25 -> 0.6557377
B28: Beam Angle | C28: Field Angle
A29: Vertical | B29: 10 | C29: 21.9
B32: For Field diameter at any distance, multiply distance by | F32: =2*TAN(C29*3.1415926535/360) -> 0.38694965
B34: For Beam diameter at any distance, multiply distance by | F34: =2*TAN(B29*3.1415926535/360) -> 0.17497733
B36: Throw Distance (ft) | C36: =C16 -> 10 | D36: =D16 -> 15 | E36: =E16 -> 20 | F36: =F16 -> 25
B37: Throw Distance (m) | C37: =C36*0.3048 -> 3.048 | D37: =D36*0.3048 -> 4.572 | E37: =E36*0.3048 -> 6.096 | F37: =F36*0.3048 -> 7.62
B38: Field Diameter (ft) | C38: =C36*F32 -> 3.8694965 | D38: =D36*F32 -> 5.8042448 | E38: =E36*F32 -> 7.738993 | F38: =F36*F32 -> 9.6737413
B39: Field Diameter (m) | C39: =C37*F32 -> 1.1794225 | D39: =D37*F32 -> 1.7691338 | E39: =E37*F32 -> 2.3588451 | F39: =F37*F32 -> 2.9485563
B40: Illuminance (fc) | C40: =C9/(C36*C36) -> 64.5 | D40: =C9/(D36*D36) -> 28.666667 | E40: =C9/(E36*E36) -> 16.125 | F40: =C9/(F36*F36) -> 10.32
B41: Illuminance (lux) | C41: =C40*10.7639 -> 694.27155 | D41: =D40*10.7639 -> 308.56513 | E41: =E40*10.7639 -> 173.56789 | F41: =F40*10.7639 -> 111.08345
B43: X | D43: Y
A44: -36.538 | B44: 0 | C44: -36.646 | D44: 38.886
A45: -36.431 | B45: 0 | C45: -36.538 | D45: 39.463
A46: -36.323 | B46: 0 | C46: -36.431 | D46: 39.47
A47: -36.214 | B47: 109.477 | C47: -36.323 | D47: 38.322
A48: -36.106 | B48: 299.625 | C48: -36.214 | D48: 37.981
A49: -35.997 | B49: 494.895 | C49: -36.106 | D49: 39.053
A50: -35.888 | B50: 697.62 | C50: -35.997 | D50: 38.639
A51: -35.778 | B51: 830.487 | C51: -35.888 | D51: 39.089
A52: -35.669 | B52: 861.206 | C52: -35.778 | D52: 39.499
A53: -35.559 | B53: 891.946 | C53: -35.669 | D53: 39.479
A54: -35.448 | B54: 922.881 | C54: -35.559 | D54: 37.722
A55: -35.338 | B55: 950.18 | C55: -35.448 | D55: 39.084
... A555: 36.538 | B555: 633.516 | C555: 36.431 | D555: 10.765

Sheet Vivid V50
A1: Selador | B1: Lamp | D1: Wattage
A2: Vivid | B2: Lumileds K2 | D2: 122 | F2: Note: Owing to the variability of LEDs, output data and color matches should be viewed as approximate
F4: Note: All data taken with room temperature fixture
B5: Beam Angle | C5: Field Angle
A6: Horizontal | B6: 12.6 | C6: 24.8
B8: Accessory Lens | C8: Candela | D8: Field Lumens | E8: Beam Lumens | F8: Lens Efficiency | G8: Efficacy
B9: V50 | C9: 5400 | D9: 1100 | E9: 620 | F9: =D9/1125 -> 0.97777778 | G9: =D9/D2 -> 9.0163934
B12: For Field diameter at any distance, multiply distance by | F12: =2*TAN(C6*3.1415926535/360) -> 0.43972852
B14: For Beam diameter at any distance, multiply distance by | F14: =2*TAN(B6*3.1415926535/360) -> 0.22080206
B16: Throw Distance (ft) | C16: 10 | D16: 15 | E16: 20 | F16: 25
B17: Throw Distance (m) | C17: =C16*0.3048 -> 3.048 | D17: =D16*0.3048 -> 4.572 | E17: =E16*0.3048 -> 6.096 | F17: =F16*0.3048 -> 7.62
B18: Field Diameter (ft) | C18: =C16*F12 -> 4.3972852 | D18: =D16*F12 -> 6.5959278 | E18: =E16*F12 -> 8.7945704 | F18: =F16*F12 -> 10.993213
B19: Field Diameter (m) | C19: =C17*F12 -> 1.3402925 | D19: =D17*F12 -> 2.0104388 | E19: =E17*F12 -> 2.6805851 | F19: =F17*F12 -> 3.3507313
B20: Illuminance (fc) | C20: =C9/(C16*C16) -> 54 | D20: =C9/(D16*D16) -> 24 | E20: =C9/(E16*E16) -> 13.5 | F20: =C9/(F16*F16) -> 8.64
B21: Illuminance (lux) | C21: =C20*10.7639 -> 581.2506 | D21: =D20*10.7639 -> 258.3336 | E21: =E20*10.7639 -> 145.31265 | F21: =F20*10.7639 -> 93.000096
A24: Test Distance | B24: Iso-Illuminance Diagram grid lines
A25: 61 | B25: 10 | C25: 20 | D25: 30 | E25: 40
B26: =B25/A25 -> 0.16393443 | C26: =C25/A25 -> 0.32786885 | D26: =D25/A25 -> 0.49180328 | E26: =E25/A25 -> 0.6557377
B28: Beam Angle | C28: Field Angle
A29: Vertical | B29: 59.3 | C29: 72.3
B32: For Field diameter at any distance, multiply distance by | F32: =2*TAN(C29*3.1415926535/360) -> 1.4611002
B34: For Beam diameter at any distance, multiply distance by | F34: =2*TAN(B29*3.1415926535/360) -> 1.1384678
B36: Throw Distance (ft) | C36: =C16 -> 10 | D36: =D16 -> 15 | E36: =E16 -> 20 | F36: =F16 -> 25
B37: Throw Distance (m) | C37: =C36*0.3048 -> 3.048 | D37: =D36*0.3048 -> 4.572 | E37: =E36*0.3048 -> 6.096 | F37: =F36*0.3048 -> 7.62
B38: Field Diameter (ft) | C38: =C36*F32 -> 14.611002 | D38: =D36*F32 -> 21.916503 | E38: =E36*F32 -> 29.222004 | F38: =F36*F32 -> 36.527505
B39: Field Diameter (m) | C39: =C37*F32 -> 4.4534334 | D39: =D37*F32 -> 6.6801501 | E39: =E37*F32 -> 8.9068668 | F39: =F37*F32 -> 11.133584
B40: Illuminance (fc) | C40: =C9/(C36*C36) -> 54 | D40: =C9/(D36*D36) -> 24 | E40: =C9/(E36*E36) -> 13.5 | F40: =C9/(F36*F36) -> 8.64
B41: Illuminance (lux) | C41: =C40*10.7639 -> 581.2506 | D41: =D40*10.7639 -> 258.3336 | E41: =E40*10.7639 -> 145.31265 | F41: =F40*10.7639 -> 93.000096
B43: X | D43: Y
A44: -36.538 | B44: 0 | C44: -36.646 | D44: 524.188
A45: -36.431 | B45: 0 | C45: -36.538 | D45: 533.056
A46: -36.323 | B46: 0 | C46: -36.431 | D46: 543.392
A47: -36.214 | B47: 4.176 | C47: -36.323 | D47: 561.736
A48: -36.106 | B48: 10.74 | C48: -36.214 | D48: 582.172
A49: -35.997 | B49: 18.221 | C49: -36.106 | D49: 603.191
A50: -35.888 | B50: 25.677 | C50: -35.997 | D50: 623.273
A51: -35.778 | B51: 30.535 | C51: -35.888 | D51: 643.791
A52: -35.669 | B52: 30.729 | C52: -35.778 | D52: 665.49
A53: -35.559 | B53: 32.126 | C53: -35.669 | D53: 686.682
A54: -35.448 | B54: 33.405 | C54: -35.559 | D54: 707.195
A55: -35.338 | B55: 32.811 | C55: -35.448 | D55: 728.767
... A555: 36.538 | B555: 37.104 | C555: 36.431 | D555: 215.762

Sheet Vivid H60
A1: Selador | B1: Lamp | D1: Wattage
A2: Vivid | B2: Lumileds K2 | D2: 122 | F2: Note: Owing to the variability of LEDs, output data and color matches should be viewed as approximate
F4: Note: All data taken with room temperature fixture
B5: Beam Angle | C5: Field Angle
A6: Horizontal | B6: 51.4 | C6: 68.2
B8: Accessory Lens | C8: Candela | D8: Field Lumens | E8: Beam Lumens | F8: Lens Efficiency | G8: Efficacy
B9: H60 | C9: 7240 | D9: 1100 | E9: 600 | F9: =D9/1125 -> 0.97777778 | G9: =D9/D2 -> 9.0163934
B12: For Field diameter at any distance, multiply distance by | F12: =2*TAN(C6*3.1415926535/360) -> 1.3541018
B14: For Beam diameter at any distance, multiply distance by | F14: =2*TAN(B6*3.1415926535/360) -> 0.962535
B16: Throw Distance (ft) | C16: 10 | D16: 15 | E16: 20 | F16: 25
B17: Throw Distance (m) | C17: =C16*0.3048 -> 3.048 | D17: =D16*0.3048 -> 4.572 | E17: =E16*0.3048 -> 6.096 | F17: =F16*0.3048 -> 7.62
B18: Field Diameter (ft) | C18: =C16*F12 -> 13.541018 | D18: =D16*F12 -> 20.311527 | E18: =E16*F12 -> 27.082036 | F18: =F16*F12 -> 33.852545
B19: Field Diameter (m) | C19: =C17*F12 -> 4.1273023 | D19: =D17*F12 -> 6.1909534 | E19: =E17*F12 -> 8.2546046 | F19: =F17*F12 -> 10.318256
B20: Illuminance (fc) | C20: =C9/(C16*C16) -> 72.4 | D20: =C9/(D16*D16) -> 32.177778 | E20: =C9/(E16*E16) -> 18.1 | F20: =C9/(F16*F16) -> 11.584
B21: Illuminance (lux) | C21: =C20*10.7639 -> 779.30636 | D21: =D20*10.7639 -> 346.35838 | E21: =E20*10.7639 -> 194.82659 | F21: =F20*10.7639 -> 124.68902
A24: Test Distance | B24: Iso-Illuminance Diagram grid lines
A25: 61 | B25: 10 | C25: 20 | D25: 30 | E25: 40
B26: =B25/A25 -> 0.16393443 | C26: =C25/A25 -> 0.32786885 | D26: =D25/A25 -> 0.49180328 | E26: =E25/A25 -> 0.6557377
B28: Beam Angle | C28: Field Angle
A29: Vertical | B29: 10 | C29: 21.6
B32: For Field diameter at any distance, multiply distance by | F32: =2*TAN(C29*3.1415926535/360) -> 0.3815204
B34: For Beam diameter at any distance, multiply distance by | F34: =2*TAN(B29*3.1415926535/360) -> 0.17497733
B36: Throw Distance (ft) | C36: =C16 -> 10 | D36: =D16 -> 15 | E36: =E16 -> 20 | F36: =F16 -> 25
B37: Throw Distance (m) | C37: =C36*0.3048 -> 3.048 | D37: =D36*0.3048 -> 4.572 | E37: =E36*0.3048 -> 6.096 | F37: =F36*0.3048 -> 7.62
B38: Field Diameter (ft) | C38: =C36*F32 -> 3.815204 | D38: =D36*F32 -> 5.7228061 | E38: =E36*F32 -> 7.6304081 | F38: =F36*F32 -> 9.5380101
B39: Field Diameter (m) | C39: =C37*F32 -> 1.1628742 | D39: =D37*F32 -> 1.7443113 | E39: =E37*F32 -> 2.3257484 | F39: =F37*F32 -> 2.9071855
B40: Illuminance (fc) | C40: =C9/(C36*C36) -> 72.4 | D40: =C9/(D36*D36) -> 32.177778 | E40: =C9/(E36*E36) -> 18.1 | F40: =C9/(F36*F36) -> 11.584
B41: Illuminance (lux) | C41: =C40*10.7639 -> 779.30636 | D41: =D40*10.7639 -> 346.35838 | E41: =E40*10.7639 -> 194.82659 | F41: =F40*10.7639 -> 124.68902
B43: X | D43: Y
A44: =H35-36.538 -> -36.538 | B44: 0 | C44: -36.646 | D44: 40.437
A45: -36.431 | B45: 0 | C45: -36.538 | D45: 41.608
A46: -36.323 | B46: 0 | C46: -36.431 | D46: 42.289
A47: -36.214 | B47: 53.667 | C47: -36.323 | D47: 42.405
A48: -36.106 | B48: 146.269 | C48: -36.214 | D48: 43.755
A49: -35.997 | B49: 241.38 | C49: -36.106 | D49: 45.164
A50: -35.888 | B50: 339.683 | C50: -35.997 | D50: 45.554
A51: -35.778 | B51: 404.851 | C51: -35.888 | D51: 43.823
A52: -35.669 | B52: 418.653 | C52: -35.778 | D52: 43.928
A53: -35.559 | B53: 432.868 | C53: -35.669 | D53: 44.138
A54: -35.448 | B54: 449.007 | C54: -35.559 | D54: 43.389
A55: -35.338 | B55: 463.427 | C55: -35.448 | D55: 43.352
A56: -35.227 | B56: 478.809 | C56: -35.338 | D56: 42.752
... A555: 36.538 | B555: 404.972 | C555: 36.431 | D555: 15.164

Sheet Vivid V60
A1: Selador | B1: Lamp | D1: Wattage
A2: Vivid | B2: Lumileds K2 | D2: 122 | F2: Note: Owing to the variability of LEDs, output data and color matches should be viewed as approximate
F4: Note: All data taken with room temperature fixture
B5: Beam Angle | C5: Field Angle
A6: Horizontal | B6: 12.6 | C6: 24.9
B8: Accessory Lens | C8: Candela | D8: Field Lumens | E8: Beam Lumens | F8: Lens Efficiency | G8: Efficacy
B9: V60 | C9: 6020 | D9: 1120 | E9: 650 | F9: =D9/1125 -> 0.99555556 | G9: =D9/D2 -> 9.1803279
B12: For Field diameter at any distance, multiply distance by | F12: =2*TAN(C6*3.1415926535/360) -> 0.44155857
B14: For Beam diameter at any distance, multiply distance by | F14: =2*TAN(B6*3.1415926535/360) -> 0.22080206
B16: Throw Distance (ft) | C16: 10 | D16: 15 | E16: 20 | F16: 25
B17: Throw Distance (m) | C17: =C16*0.3048 -> 3.048 | D17: =D16*0.3048 -> 4.572 | E17: =E16*0.3048 -> 6.096 | F17: =F16*0.3048 -> 7.62
B18: Field Diameter (ft) | C18: =C16*F12 -> 4.4155857 | D18: =D16*F12 -> 6.6233785 | E18: =E16*F12 -> 8.8311714 | F18: =F16*F12 -> 11.038964
B19: Field Diameter (m) | C19: =C17*F12 -> 1.3458705 | D19: =D17*F12 -> 2.0188058 | E19: =E17*F12 -> 2.691741 | F19: =F17*F12 -> 3.3646763
B20: Illuminance (fc) | C20: =C9/(C16*C16) -> 60.2 | D20: =C9/(D16*D16) -> 26.755556 | E20: =C9/(E16*E16) -> 15.05 | F20: =C9/(F16*F16) -> 9.632
B21: Illuminance (lux) | C21: =C20*10.7639 -> 647.98678 | D21: =D20*10.7639 -> 287.99412 | E21: =E20*10.7639 -> 161.99669 | F21: =F20*10.7639 -> 103.67788
A24: Test Distance | B24: Iso-Illuminance Diagram grid lines
A25: 61 | B25: 10 | C25: 20 | D25: 30 | E25: 40
B26: =B25/A25 -> 0.16393443 | C26: =C25/A25 -> 0.32786885 | D26: =D25/A25 -> 0.49180328 | E26: =E25/A25 -> 0.6557377
B28: Beam Angle | C28: Field Angle
A29: Vertical | B29: 52 | C29: 67.6
B32: For Field diameter at any distance, multiply distance by | F32: =2*TAN(C29*3.1415926535/360) -> 1.3388833
B34: For Beam diameter at any distance, multiply distance by | F34: =2*TAN(B29*3.1415926535/360) -> 0.97546518
B36: Throw Distance (ft) | C36: =C16 -> 10 | D36: =D16 -> 15 | E36: =E16 -> 20 | F36: =F16 -> 25
B37: Throw Distance (m) | C37: =C36*0.3048 -> 3.048 | D37: =D36*0.3048 -> 4.572 | E37: =E36*0.3048 -> 6.096 | F37: =F36*0.3048 -> 7.62
B38: Field Diameter (ft) | C38: =C36*F32 -> 13.388833 | D38: =D36*F32 -> 20.08325 | E38: =E36*F32 -> 26.777666 | F38: =F36*F32 -> 33.472083
B39: Field Diameter (m) | C39: =C37*F32 -> 4.0809163 | D39: =D37*F32 -> 6.1213745 | E39: =E37*F32 -> 8.1618326 | F39: =F37*F32 -> 10.202291
B40: Illuminance (fc) | C40: =C9/(C36*C36) -> 60.2 | D40: =C9/(D36*D36) -> 26.755556 | E40: =C9/(E36*E36) -> 15.05 | F40: =C9/(F36*F36) -> 9.632
B41: Illuminance (lux) | C41: =C40*10.7639 -> 647.98678 | D41: =D40*10.7639 -> 287.99412 | E41: =E40*10.7639 -> 161.99669 | F41: =F40*10.7639 -> 103.67788
B43: X | D43: Y
A44: -36.538 | B44: 0 | C44: -36.646 | D44: 305.364
A45: -36.431 | B45: 0 | C45: -36.538 | D45: 308.587
A46: -36.323 | B46: 0 | C46: -36.431 | D46: 312.612
A47: -36.214 | B47: 4.611 | C47: -36.323 | D47: 318.643
A48: -36.106 | B48: 12.765 | C48: -36.214 | D48: 325.89
A49: -35.997 | B49: 22.327 | C49: -36.106 | D49: 334.592
A50: -35.888 | B50: 31.02 | C50: -35.997 | D50: 343.218
A51: -35.778 | B51: 35.714 | C51: -35.888 | D51: 353.526
A52: -35.669 | B52: 34.82 | C52: -35.778 | D52: 362.53
A53: -35.559 | B53: 35.03 | C53: -35.669 | D53: 370.354
A54: -35.448 | B54: 34.78 | C54: -35.559 | D54: 379.596
A55: -35.338 | B55: 35.902 | C55: -35.448 | D55: 389.675
... A555: 36.538 | B555: 43.067 | C555: 36.431 | D555: 131.738

Sheet Vivid H70
A1: Selador | B1: Lamp | D1: Wattage
A2: Vivid | B2: Lumileds K2 | D2: 122 | F2: Note: Owing to the variability of LEDs, output data and color matches should be viewed as approximate
F4: Note: All data taken with room temperature fixture
B5: Beam Angle | C5: Field Angle
A6: Horizontal | B6: 61.3 | C6: 72.8
B8: Accessory Lens | C8: Candela | D8: Field Lumens | E8: Beam Lumens | F8: Lens Efficiency | G8: Efficacy
B9: H70 | C9: 6250 | D9: 1080 | E9: 560 | F9: =D9/1125 -> 0.96 | G9: =D9/D2 -> 8.852459
B12: For Field diameter at any distance, multiply distance by | F12: =2*TAN(C6*3.1415926535/360) -> 1.4745272
B14: For Beam diameter at any distance, multiply distance by | F14: =2*TAN(B6*3.1415926535/360) -> 1.1851537
B16: Throw Distance (ft) | C16: 10 | D16: 15 | E16: 20 | F16: 25
B17: Throw Distance (m) | C17: =C16*0.3048 -> 3.048 | D17: =D16*0.3048 -> 4.572 | E17: =E16*0.3048 -> 6.096 | F17: =F16*0.3048 -> 7.62
B18: Field Diameter (ft) | C18: =C16*F12 -> 14.745272 | D18: =D16*F12 -> 22.117908 | E18: =E16*F12 -> 29.490543 | F18: =F16*F12 -> 36.863179
B19: Field Diameter (m) | C19: =C17*F12 -> 4.4943588 | D19: =D17*F12 -> 6.7415382 | E19: =E17*F12 -> 8.9887176 | F19: =F17*F12 -> 11.235897
B20: Illuminance (fc) | C20: =C9/(C16*C16) -> 62.5 | D20: =C9/(D16*D16) -> 27.777778 | E20: =C9/(E16*E16) -> 15.625 | F20: =C9/(F16*F16) -> 10
B21: Illuminance (lux) | C21: =C20*10.7639 -> 672.74375 | D21: =D20*10.7639 -> 298.99722 | E21: =E20*10.7639 -> 168.18594 | F21: =F20*10.7639 -> 107.639
A24: Test Distance | B24: Iso-Illuminance Diagram grid lines
A25: 61 | B25: 10 | C25: 20 | D25: 30 | E25: 40
B26: =B25/A25 -> 0.16393443 | C26: =C25/A25 -> 0.32786885 | D26: =D25/A25 -> 0.49180328 | E26: =E25/A25 -> 0.6557377
B28: Beam Angle | C28: Field Angle
A29: Vertical | B29: 10 | C29: 21.7
B32: For Field diameter at any distance, multiply distance by | F32: =2*TAN(C29*3.1415926535/360) -> 0.38332955
B34: For Beam diameter at any distance, multiply distance by | F34: =2*TAN(B29*3.1415926535/360) -> 0.17497733
B36: Throw Distance (ft) | C36: =C16 -> 10 | D36: =D16 -> 15 | E36: =E16 -> 20 | F36: =F16 -> 25
B37: Throw Distance (m) | C37: =C36*0.3048 -> 3.048 | D37: =D36*0.3048 -> 4.572 | E37: =E36*0.3048 -> 6.096 | F37: =F36*0.3048 -> 7.62
B38: Field Diameter (ft) | C38: =C36*F32 -> 3.8332955 | D38: =D36*F32 -> 5.7499432 | E38: =E36*F32 -> 7.6665909 | F38: =F36*F32 -> 9.5832387
B39: Field Diameter (m) | C39: =C37*F32 -> 1.1683885 | D39: =D37*F32 -> 1.7525827 | E39: =E37*F32 -> 2.3367769 | F39: =F37*F32 -> 2.9209711
B40: Illuminance (fc) | C40: =C9/(C36*C36) -> 62.5 | D40: =C9/(D36*D36) -> 27.777778 | E40: =C9/(E36*E36) -> 15.625 | F40: =C9/(F36*F36) -> 10
B41: Illuminance (lux) | C41: =C40*10.7639 -> 672.74375 | D41: =D40*10.7639 -> 298.99722 | E41: =E40*10.7639 -> 168.18594 | F41: =F40*10.7639 -> 107.639
B43: X | D43: Y
A44: -36.106 | B44: 681.795 | C44: -33.061 | D44: 43.486
A45: -35.997 | B45: 810.63 | C45: -32.943 | D45: 44.156
A46: -35.888 | B46: 973.433 | C46: -32.826 | D46: 44.961
A47: -35.778 | B47: 1158.303 | C47: -32.708 | D47: 45.711
A48: -35.669 | B48: 1195.424 | C48: -32.708 | D48: 45.711
A49: -35.559 | B49: 1229.888 | C49: -32.59 | D49: 45.945
A50: -35.448 | B50: 1268.217 | C50: -32.472 | D50: 46.367
A51: -35.338 | B51: 1306.357 | C51: -32.353 | D51: 45.584
A52: -35.227 | B52: 1347.844 | C52: -32.234 | D52: 46.917
A53: -35.116 | B53: 1385.84 | C53: -32.115 | D53: 48.177
A54: -35.004 | B54: 1423.06 | C54: -31.995 | D54: 48.145
A55: -34.892 | B55: 1463.071 | C55: -31.876 | D55: 48.766
... A555: 36.538 | B555: 404.972 | C555: 36.431 | D555: 15.164

Sheet Vivid V70
A1: Selador | B1: Lamp | D1: Wattage
A2: Vivid | B2: Lumileds K2 | D2: 122 | F2: Note: Owing to the variability of LEDs, output data and color matches should be viewed as approximate
F4: Note: All data taken with room temperature fixture
B5: Beam Angle | C5: Field Angle
A6: Horizontal | B6: 12.6 | C6: 25.1
B8: Accessory Lens | C8: Candela | D8: Field Lumens | E8: Beam Lumens | F8: Lens Efficiency | G8: Efficacy
B9: V70 | C9: 5200 | D9: 1100 | E9: 600 | F9: =D9/1125 -> 0.97777778 | G9: =D9/D2 -> 9.0163934
B12: For Field diameter at any distance, multiply distance by | F12: =2*TAN(C6*3.1415926535/360) -> 0.44522079
B14: For Beam diameter at any distance, multiply distance by | F14: =2*TAN(B6*3.1415926535/360) -> 0.22080206
B16: Throw Distance (ft) | C16: 10 | D16: 15 | E16: 20 | F16: 25
B17: Throw Distance (m) | C17: =C16*0.3048 -> 3.048 | D17: =D16*0.3048 -> 4.572 | E17: =E16*0.3048 -> 6.096 | F17: =F16*0.3048 -> 7.62
B18: Field Diameter (ft) | C18: =C16*F12 -> 4.4522079 | D18: =D16*F12 -> 6.6783118 | E18: =E16*F12 -> 8.9044158 | F18: =F16*F12 -> 11.13052
B19: Field Diameter (m) | C19: =C17*F12 -> 1.357033 | D19: =D17*F12 -> 2.0355495 | E19: =E17*F12 -> 2.7140659 | F19: =F17*F12 -> 3.3925824
B20: Illuminance (fc) | C20: =C9/(C16*C16) -> 52 | D20: =C9/(D16*D16) -> 23.111111 | E20: =C9/(E16*E16) -> 13 | F20: =C9/(F16*F16) -> 8.32
B21: Illuminance (lux) | C21: =C20*10.7639 -> 559.7228 | D21: =D20*10.7639 -> 248.76569 | E21: =E20*10.7639 -> 139.9307 | F21: =F20*10.7639 -> 89.555648
A24: Test Distance | B24: Iso-Illuminance Diagram grid lines
A25: 61 | B25: 10 | C25: 20 | D25: 30 | E25: 40
B26: =B25/A25 -> 0.16393443 | C26: =C25/A25 -> 0.32786885 | D26: =D25/A25 -> 0.49180328 | E26: =E25/A25 -> 0.6557377
B28: Beam Angle | C28: Field Angle
A29: Vertical | B29: 62.3 | C29: 72.9
B32: For Field diameter at any distance, multiply distance by | F32: =2*TAN(C29*3.1415926535/360) -> 1.4772229
B34: For Beam diameter at any distance, multiply distance by | F34: =2*TAN(B29*3.1415926535/360) -> 1.2088588
B36: Throw Distance (ft) | C36: =C16 -> 10 | D36: =D16 -> 15 | E36: =E16 -> 20 | F36: =F16 -> 25
B37: Throw Distance (m) | C37: =C36*0.3048 -> 3.048 | D37: =D36*0.3048 -> 4.572 | E37: =E36*0.3048 -> 6.096 | F37: =F36*0.3048 -> 7.62
B38: Field Diameter (ft) | C38: =C36*F32 -> 14.772229 | D38: =D36*F32 -> 22.158344 | E38: =E36*F32 -> 29.544458 | F38: =F36*F32 -> 36.930573
B39: Field Diameter (m) | C39: =C37*F32 -> 4.5025755 | D39: =D37*F32 -> 6.7538632 | E39: =E37*F32 -> 9.0051509 | F39: =F37*F32 -> 11.256439
B40: Illuminance (fc) | C40: =C9/(C36*C36) -> 52 | D40: =C9/(D36*D36) -> 23.111111 | E40: =C9/(E36*E36) -> 13 | F40: =C9/(F36*F36) -> 8.32
B41: Illuminance (lux) | C41: =C40*10.7639 -> 559.7228 | D41: =D40*10.7639 -> 248.76569 | E41: =E40*10.7639 -> 139.9307 | F41: =F40*10.7639 -> 89.555648
B43: X | D43: Y
A44: -36.538 | B44: 0 | C44: -36.646 | D44: 736.214
A45: -36.431 | B45: 0 | C45: -36.538 | D45: 746.802
A46: -36.323 | B46: 0 | C46: -36.431 | D46: 764.249
A47: -36.214 | B47: 4.611 | C47: -36.323 | D47: 789.077
A48: -36.106 | B48: 12.186 | C48: -36.214 | D48: 816.34
A49: -35.997 | B49: 19.41 | C49: -36.106 | D49: 848.069
A50: -35.888 | B50: 27.363 | C50: -35.997 | D50: 875.059
A51: -35.778 | B51: 33.214 | C51: -35.888 | D51: 901.853
A52: -35.669 | B52: 33.148 | C52: -35.778 | D52: 931.45
A53: -35.559 | B53: 32.303 | C53: -35.669 | D53: 963.602
A54: -35.448 | B54: 32.593 | C54: -35.559 | D54: 993.955
A55: -35.338 | B55: 32.284 | C55: -35.448 | D55: 1025.318
... A555: 36.538 | B555: 37.962 | C555: 36.431 | D555: 312.216

Sheet Vivid H80
A1: Selador | B1: Lamp | D1: Wattage
A2: Vivid | B2: Lumileds K2 | D2: 122 | F2: Note: Owing to the variability of LEDs, output data and color matches should be viewed as approximate
F4: Note: All data taken with room temperature fixture
B5: Beam Angle | C5: Field Angle
A6: Horizontal | B6: 64.2 | C6: 78
B8: Accessory Lens | C8: Candela | D8: Field Lumens | E8: Beam Lumens | F8: Lens Efficiency | G8: Efficacy
B9: H80 | C9: 5720 | D9: 1040 | E9: 530 | F9: =D9/1125 -> 0.92444444 | G9: =D9/D2 -> 8.5245902
B12: For Field diameter at any distance, multiply distance by | F12: =2*TAN(C6*3.1415926535/360) -> 1.6195681
B14: For Beam diameter at any distance, multiply distance by | F14: =2*TAN(B6*3.1415926535/360) -> 1.2545976
B16: Throw Distance (ft) | C16: 10 | D16: 15 | E16: 20 | F16: 25
B17: Throw Distance (m) | C17: =C16*0.3048 -> 3.048 | D17: =D16*0.3048 -> 4.572 | E17: =E16*0.3048 -> 6.096 | F17: =F16*0.3048 -> 7.62
B18: Field Diameter (ft) | C18: =C16*F12 -> 16.195681 | D18: =D16*F12 -> 24.293521 | E18: =E16*F12 -> 32.391361 | F18: =F16*F12 -> 40.489202
B19: Field Diameter (m) | C19: =C17*F12 -> 4.9364435 | D19: =D17*F12 -> 7.4046652 | E19: =E17*F12 -> 9.8728869 | F19: =F17*F12 -> 12.341109
B20: Illuminance (fc) | C20: =C9/(C16*C16) -> 57.2 | D20: =C9/(D16*D16) -> 25.422222 | E20: =C9/(E16*E16) -> 14.3 | F20: =C9/(F16*F16) -> 9.152
B21: Illuminance (lux) | C21: =C20*10.7639 -> 615.69508 | D21: =D20*10.7639 -> 273.64226 | E21: =E20*10.7639 -> 153.92377 | F21: =F20*10.7639 -> 98.511213
A24: Test Distance | B24: Iso-Illuminance Diagram grid lines
A25: 52 | B25: 10 | C25: 20 | D25: 30 | E25: 40
B26: =B25/A25 -> 0.19230769 | C26: =C25/A25 -> 0.38461538 | D26: =D25/A25 -> 0.57692308 | E26: =E25/A25 -> 0.76923077
B28: Beam Angle | C28: Field Angle
A29: Vertical | B29: 10.1 | C29: 22.2
B32: For Field diameter at any distance, multiply distance by | F32: =2*TAN(C29*3.1415926535/360) -> 0.3923844
B34: For Beam diameter at any distance, multiply distance by | F34: =2*TAN(B29*3.1415926535/360) -> 0.17673615
B36: Throw Distance (ft) | C36: =C16 -> 10 | D36: =D16 -> 15 | E36: =E16 -> 20 | F36: =F16 -> 25
B37: Throw Distance (m) | C37: =C36*0.3048 -> 3.048 | D37: =D36*0.3048 -> 4.572 | E37: =E36*0.3048 -> 6.096 | F37: =F36*0.3048 -> 7.62
B38: Field Diameter (ft) | C38: =C36*F32 -> 3.923844 | D38: =D36*F32 -> 5.885766 | E38: =E36*F32 -> 7.847688 | F38: =F36*F32 -> 9.80961
B39: Field Diameter (m) | C39: =C37*F32 -> 1.1959877 | D39: =D37*F32 -> 1.7939815 | E39: =E37*F32 -> 2.3919753 | F39: =F37*F32 -> 2.9899691
B40: Illuminance (fc) | C40: =C9/(C36*C36) -> 57.2 | D40: =C9/(D36*D36) -> 25.422222 | E40: =C9/(E36*E36) -> 14.3 | F40: =C9/(F36*F36) -> 9.152
B41: Illuminance (lux) | C41: =C40*10.7639 -> 615.69508 | D41: =D40*10.7639 -> 273.64226 | E41: =E40*10.7639 -> 153.92377 | F41: =F40*10.7639 -> 98.511213
B43: X | D43: Y
A44: -40.999 | B44: 0 | C44: -37.61 | D44: 33.908
A45: -40.887 | B45: 0 | C45: -37.487 | D45: 34.077
A46: -40.775 | B46: 0 | C46: -37.364 | D46: 34.309
A47: -40.663 | B47: 73.469 | C47: -37.241 | D47: 34.937
A48: -40.551 | B48: 196.583 | C48: -37.241 | D48: 34.937
A49: -40.438 | B49: 323.389 | C49: -37.117 | D49: 35.558
A50: -40.324 | B50: 455.669 | C50: -36.992 | D50: 35.465
A51: -40.211 | B51: 546.255 | C51: -36.867 | D51: 34.885
A52: -40.096 | B52: 567.842 | C52: -36.742 | D52: 34.768
A53: -39.982 | B53: 590.802 | C53: -36.617 | D53: 35.67
A54: -39.867 | B54: 613.489 | C54: -36.491 | D54: 35.843
A55: -39.752 | B55: 636.484 | C55: -36.364 | D55: 36.385
... A555: 40.999 | B555: 546.255 | C555: 36.617 | D555: 28.616
B556: 455.669
B557: 323.389
B558: 196.583
B559: 73.469
B560: 0
B561: 0
B562: 0

Sheet Vivid V80
A1: Selador | B1: Lamp | D1: Wattage
A2: Vivid | B2: Lumileds K2 | D2: 122 | F2: Note: Owing to the variability of LEDs, output data and color matches should be viewed as approximate
F4: Note: All data taken with room temperature fixture
B5: Beam Angle | C5: Field Angle
A6: Horizontal | B6: 13.6 | C6: 26.5
B8: Accessory Lens | C8: Candela | D8: Field Lumens | E8: Beam Lumens | F8: Lens Efficiency | G8: Efficacy
B9: V80 | C9: 4500 | D9: 1070 | E9: 580 | F9: =D9/1125 -> 0.95111111 | G9: =D9/D2 -> 8.7704918
B12: For Field diameter at any distance, multiply distance by | F12: =2*TAN(C6*3.1415926535/360) -> 0.47093749
B14: For Beam diameter at any distance, multiply distance by | F14: =2*TAN(B6*3.1415926535/360) -> 0.23848556
B16: Throw Distance (ft) | C16: 10 | D16: 15 | E16: 20 | F16: 25
B17: Throw Distance (m) | C17: =C16*0.3048 -> 3.048 | D17: =D16*0.3048 -> 4.572 | E17: =E16*0.3048 -> 6.096 | F17: =F16*0.3048 -> 7.62
B18: Field Diameter (ft) | C18: =C16*F12 -> 4.7093749 | D18: =D16*F12 -> 7.0640623 | E18: =E16*F12 -> 9.4187497 | F18: =F16*F12 -> 11.773437
B19: Field Diameter (m) | C19: =C17*F12 -> 1.4354175 | D19: =D17*F12 -> 2.1531262 | E19: =E17*F12 -> 2.8708349 | F19: =F17*F12 -> 3.5885437
B20: Illuminance (fc) | C20: =C9/(C16*C16) -> 45 | D20: =C9/(D16*D16) -> 20 | E20: =C9/(E16*E16) -> 11.25 | F20: =C9/(F16*F16) -> 7.2
B21: Illuminance (lux) | C21: =C20*10.7639 -> 484.3755 | D21: =D20*10.7639 -> 215.278 | E21: =E20*10.7639 -> 121.09387 | F21: =F20*10.7639 -> 77.50008
A24: Test Distance | B24: Iso-Illuminance Diagram grid lines
A25: 52 | B25: 10 | C25: 20 | D25: 30 | E25: 40
B26: =B25/A25 -> 0.19230769 | C26: =C25/A25 -> 0.38461538 | D26: =D25/A25 -> 0.57692308 | E26: =E25/A25 -> 0.76923077
B28: Beam Angle | C28: Field Angle
A29: Vertical | B29: 65.4 | C29: 80.3
B32: For Field diameter at any distance, multiply distance by | F32: =2*TAN(C29*3.1415926535/360) -> 1.6871415
B34: For Beam diameter at any distance, multiply distance by | F34: =2*TAN(B29*3.1415926535/360) -> 1.2839772
B36: Throw Distance (ft) | C36: =C16 -> 10 | D36: =D16 -> 15 | E36: =E16 -> 20 | F36: =F16 -> 25
B37: Throw Distance (m) | C37: =C36*0.3048 -> 3.048 | D37: =D36*0.3048 -> 4.572 | E37: =E36*0.3048 -> 6.096 | F37: =F36*0.3048 -> 7.62
B38: Field Diameter (ft) | C38: =C36*F32 -> 16.871415 | D38: =D36*F32 -> 25.307123 | E38: =E36*F32 -> 33.74283 | F38: =F36*F32 -> 42.178538
B39: Field Diameter (m) | C39: =C37*F32 -> 5.1424073 | D39: =D37*F32 -> 7.713611 | E39: =E37*F32 -> 10.284815 | F39: =F37*F32 -> 12.856018
B40: Illuminance (fc) | C40: =C9/(C36*C36) -> 45 | D40: =C9/(D36*D36) -> 20 | E40: =C9/(E36*E36) -> 11.25 | F40: =C9/(F36*F36) -> 7.2
B41: Illuminance (lux) | C41: =C40*10.7639 -> 484.3755 | D41: =D40*10.7639 -> 215.278 | E41: =E40*10.7639 -> 121.09387 | F41: =F40*10.7639 -> 77.50008
B43: X | D43: Y
A44: -40.999 | B44: 0 | C44: -41.11 | D44: 386.141
A45: -40.887 | B45: 0 | C45: -40.999 | D45: 392.814
A46: -40.775 | B46: 0 | C46: -40.887 | D46: 401.131
A47: -40.663 | B47: 3.969 | C47: -40.775 | D47: 413.818
A48: -40.551 | B48: 9.098 | C48: -40.663 | D48: 429.098
A49: -40.438 | B49: 14.049 | C49: -40.551 | D49: 444.72
A50: -40.324 | B50: 20.108 | C50: -40.438 | D50: 458.823
A51: -40.211 | B51: 23.554 | C51: -40.324 | D51: 474.871
A52: -40.096 | B52: 23.838 | C52: -40.211 | D52: 490.124
A53: -39.982 | B53: 24.92 | C53: -40.096 | D53: 504.253
A54: -39.867 | B54: 25.867 | C54: -39.982 | D54: 520.233
A55: -39.752 | B55: 24.609 | C55: -39.867 | D55: 537.788
... A555: 40.999 | B555: 12.711 | C555: 40.887 | D555: 160.972

Sheet Vivid V40H40
A1: Selador | B1: Lamp | D1: Wattage
A2: Vivid | B2: Lumileds K2 | D2: 122 | F2: Note: Owing to the variability of LEDs, output data and color matches should be viewed as approximate
F4: Note: All data taken with room temperature fixture
B5: Beam Angle | C5: Field Angle
A6: Horizontal | B6: 29.2 | C6: 44.7
B8: Accessory Lens | C8: Candela | D8: Field Lumens | E8: Beam Lumens | F8: Lens Efficiency | G8: Efficacy
B9: H40+V40 | C9: 4100 | D9: 1020 | E9: 690 | F9: =D9/1125 -> 0.90666667 | G9: =D9/D2 -> 8.3606557
B12: For Field diameter at any distance, multiply distance by | F12: =2*TAN(C6*3.1415926535/360) -> 0.82229941
B14: For Beam diameter at any distance, multiply distance by | F14: =2*TAN(B6*3.1415926535/360) -> 0.52096098
B16: Throw Distance (ft) | C16: 10 | D16: 15 | E16: 20 | F16: 25
B17: Throw Distance (m) | C17: =C16*0.3048 -> 3.048 | D17: =D16*0.3048 -> 4.572 | E17: =E16*0.3048 -> 6.096 | F17: =F16*0.3048 -> 7.62
B18: Field Diameter (ft) | C18: =C16*F12 -> 8.2229941 | D18: =D16*F12 -> 12.334491 | E18: =E16*F12 -> 16.445988 | F18: =F16*F12 -> 20.557485
B19: Field Diameter (m) | C19: =C17*F12 -> 2.5063686 | D19: =D17*F12 -> 3.7595529 | E19: =E17*F12 -> 5.0127372 | F19: =F17*F12 -> 6.2659215
B20: Illuminance (fc) | C20: =C9/(C16*C16) -> 41 | D20: =C9/(D16*D16) -> 18.222222 | E20: =C9/(E16*E16) -> 10.25 | F20: =C9/(F16*F16) -> 6.56
B21: Illuminance (lux) | C21: =C20*10.7639 -> 441.3199 | D21: =D20*10.7639 -> 196.14218 | E21: =E20*10.7639 -> 110.32997 | F21: =F20*10.7639 -> 70.611184
A24: Test Distance | B24: Iso-Illuminance Diagram grid lines
A25: 52 | B25: 10 | C25: 20 | D25: 30 | E25: 40
B26: =B25/A25 -> 0.19230769 | C26: =C25/A25 -> 0.38461538 | D26: =D25/A25 -> 0.57692308 | E26: =E25/A25 -> 0.76923077
B28: Beam Angle | C28: Field Angle
A29: Vertical | B29: 28.9 | C29: 42.6
B32: For Field diameter at any distance, multiply distance by | F32: =2*TAN(C29*3.1415926535/360) -> 0.77976742
B34: For Beam diameter at any distance, multiply distance by | F34: =2*TAN(B29*3.1415926535/360) -> 0.51537353
B36: Throw Distance (ft) | C36: =C16 -> 10 | D36: =D16 -> 15 | E36: =E16 -> 20 | F36: =F16 -> 25
B37: Throw Distance (m) | C37: =C36*0.3048 -> 3.048 | D37: =D36*0.3048 -> 4.572 | E37: =E36*0.3048 -> 6.096 | F37: =F36*0.3048 -> 7.62
B38: Field Diameter (ft) | C38: =C36*F32 -> 7.7976742 | D38: =D36*F32 -> 11.696511 | E38: =E36*F32 -> 15.595348 | F38: =F36*F32 -> 19.494185
B39: Field Diameter (m) | C39: =C37*F32 -> 2.3767311 | D39: =D37*F32 -> 3.5650966 | E39: =E37*F32 -> 4.7534622 | F39: =F37*F32 -> 5.9418277
B40: Illuminance (fc) | C40: =C9/(C36*C36) -> 41 | D40: =C9/(D36*D36) -> 18.222222 | E40: =C9/(E36*E36) -> 10.25 | F40: =C9/(F36*F36) -> 6.56
B41: Illuminance (lux) | C41: =C40*10.7639 -> 441.3199 | D41: =D40*10.7639 -> 196.14218 | E41: =E40*10.7639 -> 110.32997 | F41: =F40*10.7639 -> 70.611184
B43: X | D43: Y
A44: -40.551 | B44: 29.699 | C44: -37.364 | D44: 63.716
A45: -40.438 | B45: 35.789 | C45: -37.241 | D45: 64.568
A46: -40.324 | B46: 43.312 | C46: -37.117 | D46: 65.103
A47: -40.211 | B47: 50.531 | C47: -36.992 | D47: 65.98
A48: -40.096 | B48: 50.37 | C48: -36.992 | D48: 65.98
A49: -39.982 | B49: 51.318 | C49: -36.867 | D49: 65.603
A50: -39.867 | B50: 52.286 | C50: -36.742 | D50: 65.524
A51: -39.752 | B51: 52.298 | C51: -36.617 | D51: 66.061
A52: -39.636 | B52: 52.946 | C52: -36.491 | D52: 67.419
A53: -39.52 | B53: 53.979 | C53: -36.364 | D53: 67.011
A54: -39.404 | B54: 53.709 | C54: -36.237 | D54: 67.187
A55: -39.287 | B55: 53.381 | C55: -36.11 | D55: 67.754
... A555: 40.999 | B555: 546.255 | C555: 36.617 | D555: 28.616
B556: 455.669
B557: 323.389
B558: 196.583
B559: 73.469
B560: 0
B561: 0
B562: 0

Sheet Vivid V60H60
A1: Selador | B1: Lamp | D1: Wattage
A2: Vivid | B2: Lumileds K2 | D2: 122 | F2: Note: Owing to the variability of LEDs, output data and color matches should be viewed as approximate
F4: Note: All data taken with room temperature fixture
B5: Beam Angle | C5: Field Angle
A6: Horizontal | B6: 52.9 | C6: 70.4
B8: Accessory Lens | C8: Candela | D8: Field Lumens | E8: Beam Lumens | F8: Lens Efficiency | G8: Efficacy
B9: H60+V60 | C9: 1540 | D9: 1070 | E9: 630 | F9: =D9/1125 -> 0.95111111 | G9: =D9/D2 -> 8.7704918
B12: For Field diameter at any distance, multiply distance by | F12: =2*TAN(C6*3.1415926535/360) -> 1.4108448
B14: For Beam diameter at any distance, multiply distance by | F14: =2*TAN(B6*3.1415926535/360) -> 0.99498497
B16: Throw Distance (ft) | C16: 10 | D16: 15 | E16: 20 | F16: 25
B17: Throw Distance (m) | C17: =C16*0.3048 -> 3.048 | D17: =D16*0.3048 -> 4.572 | E17: =E16*0.3048 -> 6.096 | F17: =F16*0.3048 -> 7.62
B18: Field Diameter (ft) | C18: =C16*F12 -> 14.108448 | D18: =D16*F12 -> 21.162672 | E18: =E16*F12 -> 28.216896 | F18: =F16*F12 -> 35.27112
B19: Field Diameter (m) | C19: =C17*F12 -> 4.300255 | D19: =D17*F12 -> 6.4503824 | E19: =E17*F12 -> 8.6005099 | F19: =F17*F12 -> 10.750637
B20: Illuminance (fc) | C20: =C9/(C16*C16) -> 15.4 | D20: =C9/(D16*D16) -> 6.8444444 | E20: =C9/(E16*E16) -> 3.85 | F20: =C9/(F16*F16) -> 2.464
B21: Illuminance (lux) | C21: =C20*10.7639 -> 165.76406 | D21: =D20*10.7639 -> 73.672916 | E21: =E20*10.7639 -> 41.441015 | F21: =F20*10.7639 -> 26.52225
A24: Test Distance | B24: Iso-Illuminance Diagram grid lines
A25: 52 | B25: 10 | C25: 20 | D25: 30 | E25: 40
B26: =B25/A25 -> 0.19230769 | C26: =C25/A25 -> 0.38461538 | D26: =D25/A25 -> 0.57692308 | E26: =E25/A25 -> 0.76923077
B28: Beam Angle | C28: Field Angle
A29: Vertical | B29: 51.7 | C29: 70.2
B32: For Field diameter at any distance, multiply distance by | F32: =2*TAN(C29*3.1415926535/360) -> 1.4056235
B34: For Beam diameter at any distance, multiply distance by | F34: =2*TAN(B29*3.1415926535/360) -> 0.96899189
B36: Throw Distance (ft) | C36: =C16 -> 10 | D36: =D16 -> 15 | E36: =E16 -> 20 | F36: =F16 -> 25
B37: Throw Distance (m) | C37: =C36*0.3048 -> 3.048 | D37: =D36*0.3048 -> 4.572 | E37: =E36*0.3048 -> 6.096 | F37: =F36*0.3048 -> 7.62
B38: Field Diameter (ft) | C38: =C36*F32 -> 14.056235 | D38: =D36*F32 -> 21.084353 | E38: =E36*F32 -> 28.112471 | F38: =F36*F32 -> 35.140589
B39: Field Diameter (m) | C39: =C37*F32 -> 4.2843406 | D39: =D37*F32 -> 6.4265108 | E39: =E37*F32 -> 8.5686811 | F39: =F37*F32 -> 10.710851
B40: Illuminance (fc) | C40: =C9/(C36*C36) -> 15.4 | D40: =C9/(D36*D36) -> 6.8444444 | E40: =C9/(E36*E36) -> 3.85 | F40: =C9/(F36*F36) -> 2.464
B41: Illuminance (lux) | C41: =C40*10.7639 -> 165.76406 | D41: =D40*10.7639 -> 73.672916 | E41: =E40*10.7639 -> 41.441015 | F41: =F40*10.7639 -> 26.52225
B43: X | D43: Y
A44: =_C91540-40.999 -> #NAME? | B44: 0 | C44: -41.11 | D44: 71.597
A45: -40.887 | B45: 0 | C45: -40.999 | D45: 72.696
A46: -40.775 | B46: 0 | C46: -40.887 | D46: 73.703
A47: -40.663 | B47: 10.033 | C47: -40.775 | D47: 73.905
A48: -40.551 | B48: 26.599 | C48: -40.663 | D48: 76.168
A49: -40.438 | B49: 44.16 | C49: -40.551 | D49: 78.69
A50: -40.324 | B50: 61.137 | C50: -40.438 | D50: 79.111
A51: -40.211 | B51: 72.156 | C51: -40.324 | D51: 79.088
A52: -40.096 | B52: 73.434 | C52: -40.211 | D52: 79.25
A53: -39.982 | B53: 74.667 | C53: -40.096 | D53: 79.749
A54: -39.867 | B54: 75.027 | C54: -39.982 | D54: 80.119
A55: -39.752 | B55: 74.041 | C55: -39.867 | D55: 81.555
A56: -39.636 | B56: 73.184 | C56: -39.752 | D56: 81.695
... A555: 40.999 | B555: 27.491 | C555: 40.887 | D555: 26.903
B556: 455.669
B557: 323.389
B558: 196.583
B559: 73.469
B560: 0
B561: 0
B562: 0

Sheet Vivid H40V60
A1: Selador | B1: Lamp | D1: Wattage
A2: Vivid | B2: Lumileds K2 | D2: 122 | F2: Note: Owing to the variability of LEDs, output data and color matches should be viewed as approximate
F4: Note: All data taken with room temperature fixture
B5: Beam Angle | C5: Field Angle
A6: Horizontal | B6: 29.6 | C6: 45.3
B8: Accessory Lens | C8: Candela | D8: Field Lumens | E8: Beam Lumens | F8: Lens Efficiency | G8: Efficacy
B9: H40+V60 | C9: 2490 | D9: 1040 | E9: 650 | F9: =D9/1125 -> 0.92444444 | G9: =D9/D2 -> 8.5245902
B12: For Field diameter at any distance, multiply distance by | F12: =2*TAN(C6*3.1415926535/360) -> 0.83456814
B14: For Beam diameter at any distance, multiply distance by | F14: =2*TAN(B6*3.1415926535/360) -> 0.52842279
B16: Throw Distance (ft) | C16: 10 | D16: 15 | E16: 20 | F16: 25
B17: Throw Distance (m) | C17: =C16*0.3048 -> 3.048 | D17: =D16*0.3048 -> 4.572 | E17: =E16*0.3048 -> 6.096 | F17: =F16*0.3048 -> 7.62
B18: Field Diameter (ft) | C18: =C16*F12 -> 8.3456814 | D18: =D16*F12 -> 12.518522 | E18: =E16*F12 -> 16.691363 | F18: =F16*F12 -> 20.864203
B19: Field Diameter (m) | C19: =C17*F12 -> 2.5437637 | D19: =D17*F12 -> 3.8156455 | E19: =E17*F12 -> 5.0875274 | F19: =F17*F12 -> 6.3594092
B20: Illuminance (fc) | C20: =C9/(C16*C16) -> 24.9 | D20: =C9/(D16*D16) -> 11.066667 | E20: =C9/(E16*E16) -> 6.225 | F20: =C9/(F16*F16) -> 3.984
B21: Illuminance (lux) | C21: =C20*10.7639 -> 268.02111 | D21: =D20*10.7639 -> 119.12049 | E21: =E20*10.7639 -> 67.005277 | F21: =F20*10.7639 -> 42.883378
A24: Test Distance | B24: Iso-Illuminance Diagram grid lines
A25: 52 | B25: 10 | C25: 20 | D25: 30 | E25: 40
B26: =B25/A25 -> 0.19230769 | C26: =C25/A25 -> 0.38461538 | D26: =D25/A25 -> 0.57692308 | E26: =E25/A25 -> 0.76923077
B28: Beam Angle | C28: Field Angle
A29: Vertical | B29: 51.7 | C29: 69.8
B32: For Field diameter at any distance, multiply distance by | F32: =2*TAN(C29*3.1415926535/360) -> 1.3952193
B34: For Beam diameter at any distance, multiply distance by | F34: =2*TAN(B29*3.1415926535/360) -> 0.96899189
B36: Throw Distance (ft) | C36: =C16 -> 10 | D36: =D16 -> 15 | E36: =E16 -> 20 | F36: =F16 -> 25
B37: Throw Distance (m) | C37: =C36*0.3048 -> 3.048 | D37: =D36*0.3048 -> 4.572 | E37: =E36*0.3048 -> 6.096 | F37: =F36*0.3048 -> 7.62
B38: Field Diameter (ft) | C38: =C36*F32 -> 13.952193 | D38: =D36*F32 -> 20.92829 | E38: =E36*F32 -> 27.904387 | F38: =F36*F32 -> 34.880483
B39: Field Diameter (m) | C39: =C37*F32 -> 4.2526285 | D39: =D37*F32 -> 6.3789428 | E39: =E37*F32 -> 8.505257 | F39: =F37*F32 -> 10.631571
B40: Illuminance (fc) | C40: =C9/(C36*C36) -> 24.9 | D40: =C9/(D36*D36) -> 11.066667 | E40: =C9/(E36*E36) -> 6.225 | F40: =C9/(F36*F36) -> 3.984
B41: Illuminance (lux) | C41: =C40*10.7639 -> 268.02111 | D41: =D40*10.7639 -> 119.12049 | E41: =E40*10.7639 -> 67.005277 | F41: =F40*10.7639 -> 42.883378
B43: X | D43: Y
A44: -40.663 | B44: 9.181 | C44: -37.61 | D44: 151.796
A45: -40.551 | B45: 17.137 | C45: -37.487 | D45: 153.846
A46: -40.438 | B46: 24.013 | C46: -37.364 | D46: 156.226
A47: -40.324 | B47: 34.243 | C47: -37.241 | D47: 159.001
A48: -40.211 | B48: 41.134 | C48: -37.241 | D48: 159.001
A49: -40.096 | B49: 41.113 | C49: -37.117 | D49: 163.194
A50: -39.982 | B50: 40.598 | C50: -36.992 | D50: 168.078
A51: -39.867 | B51: 41.712 | C51: -36.867 | D51: 170.529
A52: -39.752 | B52: 41.717 | C52: -36.742 | D52: 173.115
A53: -39.636 | B53: 41.325 | C53: -36.617 | D53: 177.816
A54: -39.52 | B54: 41.481 | C54: -36.491 | D54: 182.229
A55: -39.404 | B55: 41.664 | C55: -36.364 | D55: 188.586
... A555: 40.999 | B555: 27.491 | C555: 40.887 | D555: 26.903
B556: 455.669
B557: 323.389
B558: 196.583
B559: 73.469
B560: 0
B561: 0
B562: 0

Sheet Vivid H40V80
A1: Selador | B1: Lamp | D1: Wattage
A2: Vivid | B2: Lumileds K2 | D2: 122 | F2: Note: Owing to the variability of LEDs, output data and color matches should be viewed as approximate
F4: Note: All data taken with room temperature fixture
B5: Beam Angle | C5: Field Angle
A6: Horizontal | B6: 29.4 | C6: 45.8
B8: Accessory Lens | C8: Candela | D8: Field Lumens | E8: Beam Lumens | F8: Lens Efficiency | G8: Efficacy
B9: H40+V80 | C9: 2080 | D9: 1000 | E9: 590 | F9: =D9/1125 -> 0.88888889 | G9: =D9/D2 -> 8.1967213
B12: For Field diameter at any distance, multiply distance by | F12: =2*TAN(C6*3.1415926535/360) -> 0.84483308
B14: For Beam diameter at any distance, multiply distance by | F14: =2*TAN(B6*3.1415926535/360) -> 0.52469018
B16: Throw Distance (ft) | C16: 10 | D16: 15 | E16: 20 | F16: 25
B17: Throw Distance (m) | C17: =C16*0.3048 -> 3.048 | D17: =D16*0.3048 -> 4.572 | E17: =E16*0.3048 -> 6.096 | F17: =F16*0.3048 -> 7.62
B18: Field Diameter (ft) | C18: =C16*F12 -> 8.4483308 | D18: =D16*F12 -> 12.672496 | E18: =E16*F12 -> 16.896662 | F18: =F16*F12 -> 21.120827
B19: Field Diameter (m) | C19: =C17*F12 -> 2.5750512 | D19: =D17*F12 -> 3.8625768 | E19: =E17*F12 -> 5.1501024 | F19: =F17*F12 -> 6.437628
B20: Illuminance (fc) | C20: =C9/(C16*C16) -> 20.8 | D20: =C9/(D16*D16) -> 9.2444444 | E20: =C9/(E16*E16) -> 5.2 | F20: =C9/(F16*F16) -> 3.328
B21: Illuminance (lux) | C21: =C20*10.7639 -> 223.88912 | D21: =D20*10.7639 -> 99.506276 | E21: =E20*10.7639 -> 55.97228 | F21: =F20*10.7639 -> 35.822259
A24: Test Distance | B24: Iso-Illuminance Diagram grid lines
A25: 52 | B25: 10 | C25: 20 | D25: 30 | E25: 40
B26: =B25/A25 -> 0.19230769 | C26: =C25/A25 -> 0.38461538 | D26: =D25/A25 -> 0.57692308 | E26: =E25/A25 -> 0.76923077
B28: Beam Angle | C28: Field Angle
A29: Vertical | B29: 63.8 | C29: 81.4
B32: For Field diameter at any distance, multiply distance by | F32: =2*TAN(C29*3.1415926535/360) -> 1.7202714
B34: For Beam diameter at any distance, multiply distance by | F34: =2*TAN(B29*3.1415926535/360) -> 1.2448904
B36: Throw Distance (ft) | C36: =C16 -> 10 | D36: =D16 -> 15 | E36: =E16 -> 20 | F36: =F16 -> 25
B37: Throw Distance (m) | C37: =C36*0.3048 -> 3.048 | D37: =D36*0.3048 -> 4.572 | E37: =E36*0.3048 -> 6.096 | F37: =F36*0.3048 -> 7.62
B38: Field Diameter (ft) | C38: =C36*F32 -> 17.202714 | D38: =D36*F32 -> 25.804071 | E38: =E36*F32 -> 34.405428 | F38: =F36*F32 -> 43.006785
B39: Field Diameter (m) | C39: =C37*F32 -> 5.2433872 | D39: =D37*F32 -> 7.8650808 | E39: =E37*F32 -> 10.486774 | F39: =F37*F32 -> 13.108468
B40: Illuminance (fc) | C40: =C9/(C36*C36) -> 20.8 | D40: =C9/(D36*D36) -> 9.2444444 | E40: =C9/(E36*E36) -> 5.2 | F40: =C9/(F36*F36) -> 3.328
B41: Illuminance (lux) | C41: =C40*10.7639 -> 223.88912 | D41: =D40*10.7639 -> 99.506276 | E41: =E40*10.7639 -> 55.97228 | F41: =F40*10.7639 -> 35.822259
B43: X | D43: Y
A44: -40.999 | B44: 0 | C44: -41.11 | D44: 210.551
A45: -40.887 | B45: 0 | C45: -40.999 | D45: 213.048
A46: -40.775 | B46: 0 | C46: -40.887 | D46: 216.105
A47: -40.663 | B47: 4.508 | C47: -40.775 | D47: 219.545
A48: -40.551 | B48: 12.162 | C48: -40.663 | D48: 224.502
A49: -40.438 | B49: 19.676 | C49: -40.551 | D49: 231.395
A50: -40.324 | B50: 27.707 | C50: -40.438 | D50: 237.238
A51: -40.211 | B51: 32.515 | C51: -40.324 | D51: 244.237
A52: -40.096 | B52: 32.476 | C52: -40.211 | D52: 252.529
A53: -39.982 | B53: 32.713 | C53: -40.096 | D53: 258.845
A54: -39.867 | B54: 33.683 | C54: -39.982 | D54: 264.29
A55: -39.752 | B55: 33.178 | C55: -39.867 | D55: 270.258
... A555: 40.999 | B555: 14.517 | C555: 40.887 | D555: 84.789
B556: 455.669
B557: 323.389
B558: 196.583
B559: 73.469
B560: 0
B561: 0
B562: 0

Sheet Lustr H40
A1: Selador | B1: Lamp | D1: Wattage
A2: Lustr | B2: Lumileds Rebel | D2: 104 | F2: Note: Owing to the variability of LEDs, output data and color matches should be viewed as approximate
F4: Note: All data taken with room temperature fixture
B5: Beam Angle | C5: Field Angle
A6: Horizontal | B6: 29.5 | C6: 45.2
B8: Accessory Lens | C8: Candela | D8: Field Lumens | E8: Beam Lumens | F8: Lens Efficiency | G8: Efficacy
B9: H40 | C9: 13930 | D9: 1710 | E9: 970 | F9: =D9/1829 -> 0.93493712 | G9: =D9/D2 -> 16.442308
B12: For Field diameter at any distance, multiply distance by | F12: =2*TAN(C6*3.1415926535/360) -> 0.83251965
B14: For Beam diameter at any distance, multiply distance by | F14: =2*TAN(B6*3.1415926535/360) -> 0.52655606
B16: Throw Distance (ft) | C16: 10 | D16: 15 | E16: 20 | F16: 25
B17: Throw Distance (m) | C17: =C16*0.3048 -> 3.048 | D17: =D16*0.3048 -> 4.572 | E17: =E16*0.3048 -> 6.096 | F17: =F16*0.3048 -> 7.62
B18: Field Diameter (ft) | C18: =C16*F12 -> 8.3251965 | D18: =D16*F12 -> 12.487795 | E18: =E16*F12 -> 16.650393 | F18: =F16*F12 -> 20.812991
B19: Field Diameter (m) | C19: =C17*F12 -> 2.5375199 | D19: =D17*F12 -> 3.8062798 | E19: =E17*F12 -> 5.0750398 | F19: =F17*F12 -> 6.3437997
B20: Illuminance (fc) | C20: =C9/(C16*C16) -> 139.3 | D20: =C9/(D16*D16) -> 61.911111 | E20: =C9/(E16*E16) -> 34.825 | F20: =C9/(F16*F16) -> 22.288
B21: Illuminance (lux) | C21: =C20*10.7639 -> 1499.4113 | D21: =D20*10.7639 -> 666.40501 | E21: =E20*10.7639 -> 374.85282 | F21: =F20*10.7639 -> 239.9058
A24: Test Distance | B24: Iso-Illuminance Diagram grid lines
A25: 72 | B25: 10 | C25: 20 | D25: 30 | E25: 40
B26: =B25/A25 -> 0.13888889 | C26: =C25/A25 -> 0.27777778 | D26: =D25/A25 -> 0.41666667 | E26: =E25/A25 -> 0.55555556
B28: Beam Angle | C28: Field Angle
A29: Vertical | B29: 13.5 | C29: 27.1
B32: For Field diameter at any distance, multiply distance by | F32: =2*TAN(C29*3.1415926535/360) -> 0.48200383
B34: For Beam diameter at any distance, multiply distance by | F34: =2*TAN(B29*3.1415926535/360) -> 0.2367156
B36: Throw Distance (ft) | C36: =C16 -> 10 | D36: =D16 -> 15 | E36: =E16 -> 20 | F36: =F16 -> 25
B37: Throw Distance (m) | C37: =C36*0.3048 -> 3.048 | D37: =D36*0.3048 -> 4.572 | E37: =E36*0.3048 -> 6.096 | F37: =F36*0.3048 -> 7.62
B38: Field Diameter (ft) | C38: =C36*F32 -> 4.8200383 | D38: =D36*F32 -> 7.2300575 | E38: =E36*F32 -> 9.6400766 | F38: =F36*F32 -> 12.050096
B39: Field Diameter (m) | C39: =C37*F32 -> 1.4691477 | D39: =D37*F32 -> 2.2037215 | E39: =E37*F32 -> 2.9382954 | F39: =F37*F32 -> 3.6728692
B40: Illuminance (fc) | C40: =C9/(C36*C36) -> 139.3 | D40: =C9/(D36*D36) -> 61.911111 | E40: =C9/(E36*E36) -> 34.825 | F40: =C9/(F36*F36) -> 22.288
B41: Illuminance (lux) | C41: =C40*10.7639 -> 1499.4113 | D41: =D40*10.7639 -> 666.40501 | E41: =E40*10.7639 -> 374.85282 | F41: =F40*10.7639 -> 239.9058
B43: X | D43: Y
A44: -32.12 | B44: 0 | C44: -32.221 | D44: 99.729
A45: -32.019 | B45: 0 | C45: -32.12 | D45: 100.359
A46: -31.917 | B46: 0 | C46: -32.019 | D46: 100.6
A47: -31.815 | B47: 31.089 | C47: -31.917 | D47: 100.397
A48: -31.714 | B48: 86.098 | C48: -31.815 | D48: 101.797
A49: -31.611 | B49: 142.12 | C49: -31.714 | D49: 102.411
A50: -31.509 | B50: 196.102 | C50: -31.611 | D50: 102.16
A51: -31.406 | B51: 230.883 | C51: -31.509 | D51: 103.367
A52: -31.303 | B52: 235.025 | C52: -31.406 | D52: 104.823
A53: -31.2 | B53: 239.223 | C53: -31.303 | D53: 106.055
A54: -31.097 | B54: 242.462 | C54: -31.2 | D54: 107.109
A55: -30.993 | B55: 246.986 | C55: -31.097 | D55: 108.664
... A555: 32.12 | B555: 224.75 | C555: 32.019 | D555: 34.529

Sheet Lustr V40
A1: Selador | B1: Lamp | D1: Wattage
A2: Lustr | B2: Lumileds Rebel | D2: 104 | F2: Note: Owing to the variability of LEDs, output data and color matches should be viewed as approximate
F4: Note: All data taken with room temperature fixture
B5: Beam Angle | C5: Field Angle
A6: Horizontal | B6: 14.6 | C6: 28.9
B8: Accessory Lens | C8: Candela | D8: Field Lumens | E8: Beam Lumens | F8: Lens Efficiency | G8: Efficacy
B9: V40 | C9: 13000 | D9: 1730 | E9: 1020 | F9: =D9/1829 -> 0.94587206 | G9: =D9/D2 -> 16.634615
B12: For Field diameter at any distance, multiply distance by | F12: =2*TAN(C6*3.1415926535/360) -> 0.51537353
B14: For Beam diameter at any distance, multiply distance by | F14: =2*TAN(B6*3.1415926535/360) -> 0.25620591
B16: Throw Distance (ft) | C16: 10 | D16: 15 | E16: 20 | F16: 25
B17: Throw Distance (m) | C17: =C16*0.3048 -> 3.048 | D17: =D16*0.3048 -> 4.572 | E17: =E16*0.3048 -> 6.096 | F17: =F16*0.3048 -> 7.62
B18: Field Diameter (ft) | C18: =C16*F12 -> 5.1537353 | D18: =D16*F12 -> 7.7306029 | E18: =E16*F12 -> 10.307471 | F18: =F16*F12 -> 12.884338
B19: Field Diameter (m) | C19: =C17*F12 -> 1.5708585 | D19: =D17*F12 -> 2.3562878 | E19: =E17*F12 -> 3.141717 | F19: =F17*F12 -> 3.9271463
B20: Illuminance (fc) | C20: =C9/(C16*C16) -> 130 | D20: =C9/(D16*D16) -> 57.777778 | E20: =C9/(E16*E16) -> 32.5 | F20: =C9/(F16*F16) -> 20.8
B21: Illuminance (lux) | C21: =C20*10.7639 -> 1399.307 | D21: =D20*10.7639 -> 621.91422 | E21: =E20*10.7639 -> 349.82675 | F21: =F20*10.7639 -> 223.88912
A24: Test Distance | B24: Iso-Illuminance Diagram grid lines
A25: 72 | B25: 10 | C25: 20 | D25: 30 | E25: 40
B26: =B25/A25 -> 0.13888889 | C26: =C25/A25 -> 0.27777778 | D26: =D25/A25 -> 0.41666667 | E26: =E25/A25 -> 0.55555556
B28: Beam Angle | C28: Field Angle
A29: Vertical | B29: 29.4 | C29: 44.7
B32: For Field diameter at any distance, multiply distance by | F32: =2*TAN(C29*3.1415926535/360) -> 0.82229941
B34: For Beam diameter at any distance, multiply distance by | F34: =2*TAN(B29*3.1415926535/360) -> 0.52469018
B36: Throw Distance (ft) | C36: =C16 -> 10 | D36: =D16 -> 15 | E36: =E16 -> 20 | F36: =F16 -> 25
B37: Throw Distance (m) | C37: =C36*0.3048 -> 3.048 | D37: =D36*0.3048 -> 4.572 | E37: =E36*0.3048 -> 6.096 | F37: =F36*0.3048 -> 7.62
B38: Field Diameter (ft) | C38: =C36*F32 -> 8.2229941 | D38: =D36*F32 -> 12.334491 | E38: =E36*F32 -> 16.445988 | F38: =F36*F32 -> 20.557485
B39: Field Diameter (m) | C39: =C37*F32 -> 2.5063686 | D39: =D37*F32 -> 3.7595529 | E39: =E37*F32 -> 5.0127372 | F39: =F37*F32 -> 6.2659215
B40: Illuminance (fc) | C40: =C9/(C36*C36) -> 130 | D40: =C9/(D36*D36) -> 57.777778 | E40: =C9/(E36*E36) -> 32.5 | F40: =C9/(F36*F36) -> 20.8
B41: Illuminance (lux) | C41: =C40*10.7639 -> 1399.307 | D41: =D40*10.7639 -> 621.91422 | E41: =E40*10.7639 -> 349.82675 | F41: =F40*10.7639 -> 223.88912
B43: X | D43: Y
A44: -32.12 | B44: 0 | C44: -32.221 | D44: 215.477
A45: -32.019 | B45: 0 | C45: -32.12 | D45: 215.311
A46: -31.917 | B46: 0 | C46: -32.019 | D46: 214.931
A47: -31.815 | B47: 13.12 | C47: -31.917 | D47: 215.956
A48: -31.714 | B48: 36.381 | C48: -31.815 | D48: 218.663
A49: -31.611 | B49: 57.037 | C49: -31.714 | D49: 222.473
A50: -31.509 | B50: 79.187 | C50: -31.611 | D50: 227.203
A51: -31.406 | B51: 92.302 | C51: -31.509 | D51: 231.943
A52: -31.303 | B52: 93.405 | C52: -31.406 | D52: 234.344
A53: -31.2 | B53: 93.439 | C53: -31.303 | D53: 236.643
A54: -31.097 | B54: 95.885 | C54: -31.2 | D54: 239.35
A55: -30.993 | B55: 99.284 | C55: -31.097 | D55: 244.324
... A555: 32.12 | B555: 108.319 | C555: 32.019 | D555: 82.889

Sheet Lustr H50
A1: Selador | B1: Lamp | D1: Wattage
A2: Lustr | B2: Lumileds Rebel | D2: 104 | F2: Note: Owing to the variability of LEDs, output data and color matches should be viewed as approximate
F4: Note: All data taken with room temperature fixture
B5: Beam Angle | C5: Field Angle
A6: Horizontal | B6: 58.5 | C6: 75
B8: Accessory Lens | C8: Candela | D8: Field Lumens | E8: Beam Lumens | F8: Lens Efficiency | G8: Efficacy
B9: H50 | C9: 7680 | D9: 1740 | E9: 930 | F9: =D9/1829 -> 0.95133953 | G9: =D9/D2 -> 16.730769
B12: For Field diameter at any distance, multiply distance by | F12: =2*TAN(C6*3.1415926535/360) -> 1.534654
B14: For Beam diameter at any distance, multiply distance by | F14: =2*TAN(B6*3.1415926535/360) -> 1.1200538
B16: Throw Distance (ft) | C16: 10 | D16: 15 | E16: 20 | F16: 25
B17: Throw Distance (m) | C17: =C16*0.3048 -> 3.048 | D17: =D16*0.3048 -> 4.572 | E17: =E16*0.3048 -> 6.096 | F17: =F16*0.3048 -> 7.62
B18: Field Diameter (ft) | C18: =C16*F12 -> 15.34654 | D18: =D16*F12 -> 23.01981 | E18: =E16*F12 -> 30.69308 | F18: =F16*F12 -> 38.366349
B19: Field Diameter (m) | C19: =C17*F12 -> 4.6776253 | D19: =D17*F12 -> 7.016438 | E19: =E17*F12 -> 9.3552506 | F19: =F17*F12 -> 11.694063
B20: Illuminance (fc) | C20: =C9/(C16*C16) -> 76.8 | D20: =C9/(D16*D16) -> 34.133333 | E20: =C9/(E16*E16) -> 19.2 | F20: =C9/(F16*F16) -> 12.288
B21: Illuminance (lux) | C21: =C20*10.7639 -> 826.66752 | D21: =D20*10.7639 -> 367.40779 | E21: =E20*10.7639 -> 206.66688 | F21: =F20*10.7639 -> 132.2668
A24: Test Distance | B24: Iso-Illuminance Diagram grid lines
A25: 60.6 | B25: 10 | C25: 20 | D25: 30 | E25: 40
B26: =B25/A25 -> 0.1650165 | C26: =C25/A25 -> 0.330033 | D26: =D25/A25 -> 0.4950495 | E26: =E25/A25 -> 0.66006601
B28: Beam Angle | C28: Field Angle
A29: Vertical | B29: 13.7 | C29: 28
B32: For Field diameter at any distance, multiply distance by | F32: =2*TAN(C29*3.1415926535/360) -> 0.49865601
B34: For Beam diameter at any distance, multiply distance by | F34: =2*TAN(B29*3.1415926535/360) -> 0.24025589
B36: Throw Distance (ft) | C36: =C16 -> 10 | D36: =D16 -> 15 | E36: =E16 -> 20 | F36: =F16 -> 25
B37: Throw Distance (m) | C37: =C36*0.3048 -> 3.048 | D37: =D36*0.3048 -> 4.572 | E37: =E36*0.3048 -> 6.096 | F37: =F36*0.3048 -> 7.62
B38: Field Diameter (ft) | C38: =C36*F32 -> 4.9865601 | D38: =D36*F32 -> 7.4798401 | E38: =E36*F32 -> 9.9731201 | F38: =F36*F32 -> 12.4664
B39: Field Diameter (m) | C39: =C37*F32 -> 1.5199035 | D39: =D37*F32 -> 2.2798553 | E39: =E37*F32 -> 3.039807 | F39: =F37*F32 -> 3.7997588
B40: Illuminance (fc) | C40: =C9/(C36*C36) -> 76.8 | D40: =C9/(D36*D36) -> 34.133333 | E40: =C9/(E36*E36) -> 19.2 | F40: =C9/(F36*F36) -> 12.288
B41: Illuminance (lux) | C41: =C40*10.7639 -> 826.66752 | D41: =D40*10.7639 -> 367.40779 | E41: =E40*10.7639 -> 206.66688 | F41: =F40*10.7639 -> 132.2668
B43: X | D43: Y
A44: -36.719 | B44: 0 | C44: -36.826 | D44: 57.56
A45: -36.611 | B45: 0 | C45: -36.719 | D45: 58.194
A46: -36.503 | B46: 0 | C46: -36.611 | D46: 58.223
A47: -36.394 | B47: 192.694 | C47: -36.503 | D47: 58.051
A48: -36.286 | B48: 518.817 | C48: -36.394 | D48: 58.927
A49: -36.176 | B49: 851.197 | C49: -36.286 | D49: 58.501
A50: -36.067 | B50: 1192.666 | C50: -36.176 | D50: 58.364
A51: -35.957 | B51: 1414.848 | C51: -36.067 | D51: 58.762
A52: -35.848 | B52: 1450.38 | C52: -35.957 | D52: 60.327
A53: -35.737 | B53: 1486.55 | C53: -35.848 | D53: 61.772
A54: -35.627 | B54: 1518.758 | C54: -35.737 | D54: 62.044
A55: -35.516 | B55: 1552.601 | C55: -35.627 | D55: 62.557
... A555: 36.719 | B555: 1019.307 | C555: 36.611 | D555: 17.364

Sheet Lustre V50
A1: Selador | B1: Lamp | D1: Wattage
A2: Lustr | B2: Lumileds Rebel | D2: 104 | F2: Note: Owing to the variability of LEDs, output data and color matches should be viewed as approximate
F4: Note: All data taken with room temperature fixture
B5: Beam Angle | C5: Field Angle
A6: Horizontal | B6: 16.2 | C6: 31.3
B8: Accessory Lens | C8: Candela | D8: Field Lumens | E8: Beam Lumens | F8: Lens Efficiency | G8: Efficacy
B9: V50 | C9: 6520 | D9: 1730 | E9: 960 | F9: =D9/1829 -> 0.94587206 | G9: =D9/D2 -> 16.634615
B12: For Field diameter at any distance, multiply distance by | F12: =2*TAN(C6*3.1415926535/360) -> 0.56029188
B14: For Beam diameter at any distance, multiply distance by | F14: =2*TAN(B6*3.1415926535/360) -> 0.28464215
B16: Throw Distance (ft) | C16: 10 | D16: 15 | E16: 20 | F16: 25
B17: Throw Distance (m) | C17: =C16*0.3048 -> 3.048 | D17: =D16*0.3048 -> 4.572 | E17: =E16*0.3048 -> 6.096 | F17: =F16*0.3048 -> 7.62
B18: Field Diameter (ft) | C18: =C16*F12 -> 5.6029188 | D18: =D16*F12 -> 8.4043782 | E18: =E16*F12 -> 11.205838 | F18: =F16*F12 -> 14.007297
B19: Field Diameter (m) | C19: =C17*F12 -> 1.7077696 | D19: =D17*F12 -> 2.5616545 | E19: =E17*F12 -> 3.4155393 | F19: =F17*F12 -> 4.2694241
B20: Illuminance (fc) | C20: =C9/(C16*C16) -> 65.2 | D20: =C9/(D16*D16) -> 28.977778 | E20: =C9/(E16*E16) -> 16.3 | F20: =C9/(F16*F16) -> 10.432
B21: Illuminance (lux) | C21: =C20*10.7639 -> 701.80628 | D21: =D20*10.7639 -> 311.9139 | E21: =E20*10.7639 -> 175.45157 | F21: =F20*10.7639 -> 112.289
A24: Test Distance | B24: Iso-Illuminance Diagram grid lines
A25: 51.2 | B25: 10 | C25: 20 | D25: 30 | E25: 40
B26: =B25/A25 -> 0.1953125 | C26: =C25/A25 -> 0.390625 | D26: =D25/A25 -> 0.5859375 | E26: =E25/A25 -> 0.78125
B28: Beam Angle | C28: Field Angle
A29: Vertical | B29: 59.5 | C29: 76.6
B32: For Field diameter at any distance, multiply distance by | F32: =2*TAN(C29*3.1415926535/360) -> 1.5795048
B34: For Beam diameter at any distance, multiply distance by | F34: =2*TAN(B29*3.1415926535/360) -> 1.1430942
B36: Throw Distance (ft) | C36: =C16 -> 10 | D36: =D16 -> 15 | E36: =E16 -> 20 | F36: =F16 -> 25
B37: Throw Distance (m) | C37: =C36*0.3048 -> 3.048 | D37: =D36*0.3048 -> 4.572 | E37: =E36*0.3048 -> 6.096 | F37: =F36*0.3048 -> 7.62
B38: Field Diameter (ft) | C38: =C36*F32 -> 15.795048 | D38: =D36*F32 -> 23.692572 | E38: =E36*F32 -> 31.590096 | F38: =F36*F32 -> 39.487621
B39: Field Diameter (m) | C39: =C37*F32 -> 4.8143307 | D39: =D37*F32 -> 7.2214961 | E39: =E37*F32 -> 9.6286614 | F39: =F37*F32 -> 12.035827
B40: Illuminance (fc) | C40: =C9/(C36*C36) -> 65.2 | D40: =C9/(D36*D36) -> 28.977778 | E40: =C9/(E36*E36) -> 16.3 | F40: =C9/(F36*F36) -> 10.432
B41: Illuminance (lux) | C41: =C40*10.7639 -> 701.80628 | D41: =D40*10.7639 -> 311.9139 | E41: =E40*10.7639 -> 175.45157 | F41: =F40*10.7639 -> 112.289
B43: X | D43: Y
A44: -41.439 | B44: 0 | C44: -41.55 | D44: 347.589
A45: -41.327 | B45: 0 | C45: -41.439 | D45: 351.981
A46: -41.215 | B46: 0 | C46: -41.327 | D46: 357.855
A47: -41.103 | B47: 5.935 | C47: -41.215 | D47: 364.192
A48: -40.99 | B48: 15.932 | C48: -41.103 | D48: 372.433
A49: -40.877 | B49: 26.696 | C49: -40.99 | D49: 379.863
A50: -40.763 | B50: 36.33 | C50: -40.877 | D50: 388.419
A51: -40.649 | B51: 42.604 | C51: -40.763 | D51: 398.673
A52: -40.535 | B52: 42.202 | C52: -40.649 | D52: 410.012
A53: -40.42 | B53: 42.443 | C53: -40.535 | D53: 419.39
A54: -40.305 | B54: 42.529 | C54: -40.42 | D54: 428.814
A55: -40.189 | B55: 43.608 | C55: -40.305 | D55: 439.556
... A555: 41.439 | B555: 20.945 | C555: 41.327 | D555: 145.791

Sheet Lustr H60
A1: Selador | B1: Lamp | D1: Wattage
A2: Lustr | B2: Lumileds Rebel | D2: 104 | F2: Note: Owing to the variability of LEDs, output data and color matches should be viewed as approximate
F4: Note: All data taken with room temperature fixture
B5: Beam Angle | C5: Field Angle
A6: Horizontal | B6: 52.3 | C6: 71.4
B8: Accessory Lens | C8: Candela | D8: Field Lumens | E8: Beam Lumens | F8: Lens Efficiency | G8: Efficacy
B9: H60 | C9: 8430 | D9: 1750 | E9: 950 | F9: =D9/1829 -> 0.956807 | G9: =D9/D2 -> 16.826923
B12: For Field diameter at any distance, multiply distance by | F12: =2*TAN(C6*3.1415926535/360) -> 1.4371458
B14: For Beam diameter at any distance, multiply distance by | F14: =2*TAN(B6*3.1415926535/360) -> 0.98195502
B16: Throw Distance (ft) | C16: 10 | D16: 15 | E16: 20 | F16: 25
B17: Throw Distance (m) | C17: =C16*0.3048 -> 3.048 | D17: =D16*0.3048 -> 4.572 | E17: =E16*0.3048 -> 6.096 | F17: =F16*0.3048 -> 7.62
B18: Field Diameter (ft) | C18: =C16*F12 -> 14.371458 | D18: =D16*F12 -> 21.557187 | E18: =E16*F12 -> 28.742916 | F18: =F16*F12 -> 35.928645
B19: Field Diameter (m) | C19: =C17*F12 -> 4.3804204 | D19: =D17*F12 -> 6.5706306 | E19: =E17*F12 -> 8.7608407 | F19: =F17*F12 -> 10.951051
B20: Illuminance (fc) | C20: =C9/(C16*C16) -> 84.3 | D20: =C9/(D16*D16) -> 37.466667 | E20: =C9/(E16*E16) -> 21.075 | F20: =C9/(F16*F16) -> 13.488
B21: Illuminance (lux) | C21: =C20*10.7639 -> 907.39677 | D21: =D20*10.7639 -> 403.28745 | E21: =E20*10.7639 -> 226.84919 | F21: =F20*10.7639 -> 145.18348
A24: Test Distance | B24: Iso-Illuminance Diagram grid lines
A25: 60.6 | B25: 10 | C25: 20 | D25: 30 | E25: 40
B26: =B25/A25 -> 0.1650165 | C26: =C25/A25 -> 0.330033 | D26: =D25/A25 -> 0.4950495 | E26: =E25/A25 -> 0.66006601
B28: Beam Angle | C28: Field Angle
A29: Vertical | B29: 13.7 | C29: 27.8
B32: For Field diameter at any distance, multiply distance by | F32: =2*TAN(C29*3.1415926535/360) -> 0.49494996
B34: For Beam diameter at any distance, multiply distance by | F34: =2*TAN(B29*3.1415926535/360) -> 0.24025589
B36: Throw Distance (ft) | C36: =C16 -> 10 | D36: =D16 -> 15 | E36: =E16 -> 20 | F36: =F16 -> 25
B37: Throw Distance (m) | C37: =C36*0.3048 -> 3.048 | D37: =D36*0.3048 -> 4.572 | E37: =E36*0.3048 -> 6.096 | F37: =F36*0.3048 -> 7.62
B38: Field Diameter (ft) | C38: =C36*F32 -> 4.9494996 | D38: =D36*F32 -> 7.4242494 | E38: =E36*F32 -> 9.8989992 | F38: =F36*F32 -> 12.373749
B39: Field Diameter (m) | C39: =C37*F32 -> 1.5086075 | D39: =D37*F32 -> 2.2629112 | E39: =E37*F32 -> 3.017215 | F39: =F37*F32 -> 3.7715187
B40: Illuminance (fc) | C40: =C9/(C36*C36) -> 84.3 | D40: =C9/(D36*D36) -> 37.466667 | E40: =C9/(E36*E36) -> 21.075 | F40: =C9/(F36*F36) -> 13.488
B41: Illuminance (lux) | C41: =C40*10.7639 -> 907.39677 | D41: =D40*10.7639 -> 403.28745 | E41: =E40*10.7639 -> 226.84919 | F41: =F40*10.7639 -> 145.18348
B43: X | D43: Y
A44: -36.719 | B44: 0 | C44: -36.826 | D44: 60.464
A45: -36.611 | B45: 0 | C45: -36.719 | D45: 61.817
A46: -36.503 | B46: 0 | C46: -36.611 | D46: 63.317
A47: -36.394 | B47: 110.709 | C47: -36.503 | D47: 64.248
A48: -36.286 | B48: 299.511 | C48: -36.394 | D48: 65.639
A49: -36.176 | B49: 493.606 | C49: -36.286 | D49: 65.005
A50: -36.067 | B50: 690.605 | C50: -36.176 | D50: 64.161
A51: -35.957 | B51: 821.974 | C51: -36.067 | D51: 64.713
A52: -35.848 | B52: 847.074 | C52: -35.957 | D52: 66.076
A53: -35.737 | B53: 870.97 | C53: -35.848 | D53: 66.72
A54: -35.627 | B54: 896.234 | C54: -35.737 | D54: 67.393
A55: -35.516 | B55: 921.942 | C55: -35.627 | D55: 68.165
... A555: 36.719 | B555: 673.129 | C555: 36.611 | D555: 22.246

Sheet Lustr V60
A1: Selador | B1: Lamp | D1: Wattage
A2: Lustr | B2: Lumileds Rebel | D2: 104 | F2: Note: Owing to the variability of LEDs, output data and color matches should be viewed as approximate
F4: Note: All data taken with room temperature fixture
B5: Beam Angle | C5: Field Angle
A6: Horizontal | B6: 16.2 | C6: 31.3
B8: Accessory Lens | C8: Candela | D8: Field Lumens | E8: Beam Lumens | F8: Lens Efficiency | G8: Efficacy
B9: V60 | C9: 7340 | D9: 1770 | E9: 1000 | F9: =D9/1829 -> 0.96774194 | G9: =D9/D2 -> 17.019231
B12: For Field diameter at any distance, multiply distance by | F12: =2*TAN(C6*3.1415926535/360) -> 0.56029188
B14: For Beam diameter at any distance, multiply distance by | F14: =2*TAN(B6*3.1415926535/360) -> 0.28464215
B16: Throw Distance (ft) | C16: 10 | D16: 15 | E16: 20 | F16: 25
B17: Throw Distance (m) | C17: =C16*0.3048 -> 3.048 | D17: =D16*0.3048 -> 4.572 | E17: =E16*0.3048 -> 6.096 | F17: =F16*0.3048 -> 7.62
B18: Field Diameter (ft) | C18: =C16*F12 -> 5.6029188 | D18: =D16*F12 -> 8.4043782 | E18: =E16*F12 -> 11.205838 | F18: =F16*F12 -> 14.007297
B19: Field Diameter (m) | C19: =C17*F12 -> 1.7077696 | D19: =D17*F12 -> 2.5616545 | E19: =E17*F12 -> 3.4155393 | F19: =F17*F12 -> 4.2694241
B20: Illuminance (fc) | C20: =C9/(C16*C16) -> 73.4 | D20: =C9/(D16*D16) -> 32.622222 | E20: =C9/(E16*E16) -> 18.35 | F20: =C9/(F16*F16) -> 11.744
B21: Illuminance (lux) | C21: =C20*10.7639 -> 790.07026 | D21: =D20*10.7639 -> 351.14234 | E21: =E20*10.7639 -> 197.51757 | F21: =F20*10.7639 -> 126.41124
A24: Test Distance | B24: Iso-Illuminance Diagram grid lines
A25: 51.2 | B25: 10 | C25: 20 | D25: 30 | E25: 40
B26: =B25/A25 -> 0.1953125 | C26: =C25/A25 -> 0.390625 | D26: =D25/A25 -> 0.5859375 | E26: =E25/A25 -> 0.78125
B28: Beam Angle | C28: Field Angle
A29: Vertical | B29: 53 | C29: 71.2
B32: For Field diameter at any distance, multiply distance by | F32: =2*TAN(C29*3.1415926535/360) -> 1.4318594
B34: For Beam diameter at any distance, multiply distance by | F34: =2*TAN(B29*3.1415926535/360) -> 0.99716322
B36: Throw Distance (ft) | C36: =C16 -> 10 | D36: =D16 -> 15 | E36: =E16 -> 20 | F36: =F16 -> 25
B37: Throw Distance (m) | C37: =C36*0.3048 -> 3.048 | D37: =D36*0.3048 -> 4.572 | E37: =E36*0.3048 -> 6.096 | F37: =F36*0.3048 -> 7.62
B38: Field Diameter (ft) | C38: =C36*F32 -> 14.318594 | D38: =D36*F32 -> 21.47789 | E38: =E36*F32 -> 28.637187 | F38: =F36*F32 -> 35.796484
B39: Field Diameter (m) | C39: =C37*F32 -> 4.3643073 | D39: =D37*F32 -> 6.546461 | E39: =E37*F32 -> 8.7286147 | F39: =F37*F32 -> 10.910768
B40: Illuminance (fc) | C40: =C9/(C36*C36) -> 73.4 | D40: =C9/(D36*D36) -> 32.622222 | E40: =C9/(E36*E36) -> 18.35 | F40: =C9/(F36*F36) -> 11.744
B41: Illuminance (lux) | C41: =C40*10.7639 -> 790.07026 | D41: =D40*10.7639 -> 351.14234 | E41: =E40*10.7639 -> 197.51757 | F41: =F40*10.7639 -> 126.41124
B43: X | D43: Y
A44: -41.439 | B44: 0 | C44: -41.55 | D44: 228.499
A45: -41.327 | B45: 0 | C45: -41.439 | D45: 229.991
A46: -41.215 | B46: 0 | C46: -41.327 | D46: 232.638
A47: -41.103 | B47: 6.939 | C47: -41.215 | D47: 236.43
A48: -40.99 | B48: 18.837 | C48: -41.103 | D48: 241.778
A49: -40.877 | B49: 31.327 | C49: -40.99 | D49: 247.66
A50: -40.763 | B50: 42.885 | C50: -40.877 | D50: 253.787
A51: -40.649 | B51: 49.894 | C51: -40.763 | D51: 259.969
A52: -40.535 | B52: 49.363 | C52: -40.649 | D52: 263.006
A53: -40.42 | B53: 48.806 | C53: -40.535 | D53: 267.321
A54: -40.305 | B54: 48.92 | C54: -40.42 | D54: 270.338
A55: -40.189 | B55: 50.388 | C55: -40.305 | D55: 273.924
... A555: 41.439 | B555: 23.029 | C555: 41.327 | D555: 97.342

Sheet Lustr H70
A1: Selador | B1: Lamp | D1: Wattage
A2: Lustr | B2: Lumileds Rebel | D2: 104 | F2: Note: Owing to the variability of LEDs, output data and color matches should be viewed as approximate
F4: Note: All data taken with room temperature fixture
B5: Beam Angle | C5: Field Angle
A6: Horizontal | B6: 61.4 | C6: 79.2
B8: Accessory Lens | C8: Candela | D8: Field Lumens | E8: Beam Lumens | F8: Lens Efficiency | G8: Efficacy
B9: H70 | C9: 7110 | D9: 1710 | E9: 920 | F9: =D9/1829 -> 0.93493712 | G9: =D9/D2 -> 16.442308
B12: For Field diameter at any distance, multiply distance by | F12: =2*TAN(C6*3.1415926535/360) -> 1.6545439
B14: For Beam diameter at any distance, multiply distance by | F14: =2*TAN(B6*3.1415926535/360) -> 1.1875131
B16: Throw Distance (ft) | C16: 10 | D16: 15 | E16: 20 | F16: 25
B17: Throw Distance (m) | C17: =C16*0.3048 -> 3.048 | D17: =D16*0.3048 -> 4.572 | E17: =E16*0.3048 -> 6.096 | F17: =F16*0.3048 -> 7.62
B18: Field Diameter (ft) | C18: =C16*F12 -> 16.545439 | D18: =D16*F12 -> 24.818158 | E18: =E16*F12 -> 33.090878 | F18: =F16*F12 -> 41.363597
B19: Field Diameter (m) | C19: =C17*F12 -> 5.0430498 | D19: =D17*F12 -> 7.5645747 | E19: =E17*F12 -> 10.0861 | F19: =F17*F12 -> 12.607624
B20: Illuminance (fc) | C20: =C9/(C16*C16) -> 71.1 | D20: =C9/(D16*D16) -> 31.6 | E20: =C9/(E16*E16) -> 17.775 | F20: =C9/(F16*F16) -> 11.376
B21: Illuminance (lux) | C21: =C20*10.7639 -> 765.31329 | D21: =D20*10.7639 -> 340.13924 | E21: =E20*10.7639 -> 191.32832 | F21: =F20*10.7639 -> 122.45013
A24: Test Distance | B24: Iso-Illuminance Diagram grid lines
A25: 51.2 | B25: 10 | C25: 20 | D25: 30 | E25: 40
B26: =B25/A25 -> 0.1953125 | C26: =C25/A25 -> 0.390625 | D26: =D25/A25 -> 0.5859375 | E26: =E25/A25 -> 0.78125
B28: Beam Angle | C28: Field Angle
A29: Vertical | B29: 13.8 | C29: 28
B32: For Field diameter at any distance, multiply distance by | F32: =2*TAN(C29*3.1415926535/360) -> 0.49865601
B34: For Beam diameter at any distance, multiply distance by | F34: =2*TAN(B29*3.1415926535/360) -> 0.24202659
B36: Throw Distance (ft) | C36: =C16 -> 10 | D36: =D16 -> 15 | E36: =E16 -> 20 | F36: =F16 -> 25
B37: Throw Distance (m) | C37: =C36*0.3048 -> 3.048 | D37: =D36*0.3048 -> 4.572 | E37: =E36*0.3048 -> 6.096 | F37: =F36*0.3048 -> 7.62
B38: Field Diameter (ft) | C38: =C36*F32 -> 4.9865601 | D38: =D36*F32 -> 7.4798401 | E38: =E36*F32 -> 9.9731201 | F38: =F36*F32 -> 12.4664
B39: Field Diameter (m) | C39: =C37*F32 -> 1.5199035 | D39: =D37*F32 -> 2.2798553 | E39: =E37*F32 -> 3.039807 | F39: =F37*F32 -> 3.7997588
B40: Illuminance (fc) | C40: =C9/(C36*C36) -> 71.1 | D40: =C9/(D36*D36) -> 31.6 | E40: =C9/(E36*E36) -> 17.775 | F40: =C9/(F36*F36) -> 11.376
B41: Illuminance (lux) | C41: =C40*10.7639 -> 765.31329 | D41: =D40*10.7639 -> 340.13924 | E41: =E40*10.7639 -> 191.32832 | F41: =F40*10.7639 -> 122.45013
B43: X | D43: Y
A44: -41.55 | B44: 500.284 | C44: -41.439 | D44: 0
A45: -41.439 | B45: 504.738 | C45: -41.327 | D45: 0
A46: -41.327 | B46: 512.926 | C46: -41.215 | D46: 0
A47: -41.215 | B47: 524.778 | C47: -41.103 | D47: 4.71
A48: -41.103 | B48: 539.417 | C48: -40.99 | D48: 12.933
A49: -40.99 | B49: 555.518 | C49: -40.877 | D49: 20.574
A50: -40.877 | B50: 570.291 | C50: -40.763 | D50: 28.94
A51: -40.763 | B51: 585.332 | C51: -40.649 | D51: 34.575
A52: -40.649 | B52: 602.452 | C52: -40.535 | D52: 35.531
A53: -40.535 | B53: 619.261 | C53: -40.42 | D53: 35.349
A54: -40.42 | B54: 634.879 | C54: -40.305 | D54: 35.41
A55: -40.305 | B55: 651.443 | C55: -40.189 | D55: 37.128
... A555: 41.327 | B555: 208.49 | C555: 41.439 | D555: 21.057

Sheet Lustr V70
A1: Selador | B1: Lamp | D1: Wattage
A2: Lustr | B2: Lumileds Rebel | D2: 104 | F2: Note: Owing to the variability of LEDs, output data and color matches should be viewed as approximate
F4: Note: All data taken with room temperature fixture
B5: Beam Angle | C5: Field Angle
A6: Horizontal | B6: 16.2 | C6: 31
B8: Accessory Lens | C8: Candela | D8: Field Lumens | E8: Beam Lumens | F8: Lens Efficiency | G8: Efficacy
B9: V70 | C9: 6320 | D9: 1730 | E9: 940 | F9: =D9/1829 -> 0.94587206 | G9: =D9/D2 -> 16.634615
B12: For Field diameter at any distance, multiply distance by | F12: =2*TAN(C6*3.1415926535/360) -> 0.55464909
B14: For Beam diameter at any distance, multiply distance by | F14: =2*TAN(B6*3.1415926535/360) -> 0.28464215
B16: Throw Distance (ft) | C16: 10 | D16: 15 | E16: 20 | F16: 25
B17: Throw Distance (m) | C17: =C16*0.3048 -> 3.048 | D17: =D16*0.3048 -> 4.572 | E17: =E16*0.3048 -> 6.096 | F17: =F16*0.3048 -> 7.62
B18: Field Diameter (ft) | C18: =C16*F12 -> 5.5464909 | D18: =D16*F12 -> 8.3197363 | E18: =E16*F12 -> 11.092982 | F18: =F16*F12 -> 13.866227
B19: Field Diameter (m) | C19: =C17*F12 -> 1.6905704 | D19: =D17*F12 -> 2.5358556 | E19: =E17*F12 -> 3.3811408 | F19: =F17*F12 -> 4.2264261
B20: Illuminance (fc) | C20: =C9/(C16*C16) -> 63.2 | D20: =C9/(D16*D16) -> 28.088889 | E20: =C9/(E16*E16) -> 15.8 | F20: =C9/(F16*F16) -> 10.112
B21: Illuminance (lux) | C21: =C20*10.7639 -> 680.27848 | D21: =D20*10.7639 -> 302.34599 | E21: =E20*10.7639 -> 170.06962 | F21: =F20*10.7639 -> 108.84456
A24: Test Distance | B24: Iso-Illuminance Diagram grid lines
A25: 51.2 | B25: 10 | C25: 20 | D25: 30 | E25: 40
B26: =B25/A25 -> 0.1953125 | C26: =C25/A25 -> 0.390625 | D26: =D25/A25 -> 0.5859375 | E26: =E25/A25 -> 0.78125
B28: Beam Angle | C28: Field Angle
A29: Vertical | B29: 62.7 | C29: 79.4
B32: For Field diameter at any distance, multiply distance by | F32: =2*TAN(C29*3.1415926535/360) -> 1.660432
B34: For Beam diameter at any distance, multiply distance by | F34: =2*TAN(B29*3.1415926535/360) -> 1.2184109
B36: Throw Distance (ft) | C36: =C16 -> 10 | D36: =D16 -> 15 | E36: =E16 -> 20 | F36: =F16 -> 25
B37: Throw Distance (m) | C37: =C36*0.3048 -> 3.048 | D37: =D36*0.3048 -> 4.572 | E37: =E36*0.3048 -> 6.096 | F37: =F36*0.3048 -> 7.62
B38: Field Diameter (ft) | C38: =C36*F32 -> 16.60432 | D38: =D36*F32 -> 24.90648 | E38: =E36*F32 -> 33.20864 | F38: =F36*F32 -> 41.5108
B39: Field Diameter (m) | C39: =C37*F32 -> 5.0609967 | D39: =D37*F32 -> 7.5914951 | E39: =E37*F32 -> 10.121993 | F39: =F37*F32 -> 12.652492
B40: Illuminance (fc) | C40: =C9/(C36*C36) -> 63.2 | D40: =C9/(D36*D36) -> 28.088889 | E40: =C9/(E36*E36) -> 15.8 | F40: =C9/(F36*F36) -> 10.112
B41: Illuminance (lux) | C41: =C40*10.7639 -> 680.27848 | D41: =D40*10.7639 -> 302.34599 | E41: =E40*10.7639 -> 170.06962 | F41: =F40*10.7639 -> 108.84456
B43: X | D43: Y
A44: -41.439 | B44: 0 | C44: -41.55 | D44: 454.305
A45: -41.327 | B45: 0 | C45: -41.439 | D45: 459.276
A46: -41.215 | B46: 0 | C46: -41.327 | D46: 467.591
A47: -41.103 | B47: 5.715 | C47: -41.215 | D47: 480.087
A48: -40.99 | B48: 15.869 | C48: -41.103 | D48: 493.102
A49: -40.877 | B49: 26.137 | C49: -40.99 | D49: 504.974
A50: -40.763 | B50: 35.681 | C50: -40.877 | D50: 516.307
A51: -40.649 | B51: 41.589 | C51: -40.763 | D51: 529.028
A52: -40.535 | B52: 42.019 | C52: -40.649 | D52: 542.284
A53: -40.42 | B53: 42.352 | C53: -40.535 | D53: 554.565
A54: -40.305 | B54: 42.529 | C54: -40.42 | D54: 566.008
A55: -40.189 | B55: 43.879 | C55: -40.305 | D55: 580.289
... A555: 41.439 | B555: 20.797 | C555: 41.327 | D555: 195.498

Sheet Lustr H80
A1: Selador | B1: Lamp | D1: Wattage
A2: Lustr | B2: Lumileds Rebel | D2: 104 | F2: Note: Owing to the variability of LEDs, output data and color matches should be viewed as approximate
F4: Note: All data taken with room temperature fixture
B5: Beam Angle | C5: Field Angle
A6: Horizontal | B6: 62.4 | C6: 82.5
B8: Accessory Lens | C8: Candela | D8: Field Lumens | E8: Beam Lumens | F8: Lens Efficiency | G8: Efficacy
B9: H80 | C9: 6840 | D9: 1660 | E9: 870 | F9: =D9/1829 -> 0.90759978 | G9: =D9/D2 -> 15.961538
B12: For Field diameter at any distance, multiply distance by | F12: =2*TAN(C6*3.1415926535/360) -> 1.7539529
B14: For Beam diameter at any distance, multiply distance by | F14: =2*TAN(B6*3.1415926535/360) -> 1.2112431
B16: Throw Distance (ft) | C16: 10 | D16: 15 | E16: 20 | F16: 25
B17: Throw Distance (m) | C17: =C16*0.3048 -> 3.048 | D17: =D16*0.3048 -> 4.572 | E17: =E16*0.3048 -> 6.096 | F17: =F16*0.3048 -> 7.62
B18: Field Diameter (ft) | C18: =C16*F12 -> 17.539529 | D18: =D16*F12 -> 26.309294 | E18: =E16*F12 -> 35.079059 | F18: =F16*F12 -> 43.848823
B19: Field Diameter (m) | C19: =C17*F12 -> 5.3460485 | D19: =D17*F12 -> 8.0190728 | E19: =E17*F12 -> 10.692097 | F19: =F17*F12 -> 13.365121
B20: Illuminance (fc) | C20: =C9/(C16*C16) -> 68.4 | D20: =C9/(D16*D16) -> 30.4 | E20: =C9/(E16*E16) -> 17.1 | F20: =C9/(F16*F16) -> 10.944
B21: Illuminance (lux) | C21: =C20*10.7639 -> 736.25076 | D21: =D20*10.7639 -> 327.22256 | E21: =E20*10.7639 -> 184.06269 | F21: =F20*10.7639 -> 117.80012
A24: Test Distance | B24: Iso-Illuminance Diagram grid lines
A25: 51.2 | B25: 10 | C25: 20 | D25: 30 | E25: 40
B26: =B25/A25 -> 0.1953125 | C26: =C25/A25 -> 0.390625 | D26: =D25/A25 -> 0.5859375 | E26: =E25/A25 -> 0.78125
B28: Beam Angle | C28: Field Angle
A29: Vertical | B29: 13.8 | C29: 28.2
B32: For Field diameter at any distance, multiply distance by | F32: =2*TAN(C29*3.1415926535/360) -> 0.50236528
B34: For Beam diameter at any distance, multiply distance by | F34: =2*TAN(B29*3.1415926535/360) -> 0.24202659
B36: Throw Distance (ft) | C36: =C16 -> 10 | D36: =D16 -> 15 | E36: =E16 -> 20 | F36: =F16 -> 25
B37: Throw Distance (m) | C37: =C36*0.3048 -> 3.048 | D37: =D36*0.3048 -> 4.572 | E37: =E36*0.3048 -> 6.096 | F37: =F36*0.3048 -> 7.62
B38: Field Diameter (ft) | C38: =C36*F32 -> 5.0236528 | D38: =D36*F32 -> 7.5354792 | E38: =E36*F32 -> 10.047306 | F38: =F36*F32 -> 12.559132
B39: Field Diameter (m) | C39: =C37*F32 -> 1.5312094 | D39: =D37*F32 -> 2.296814 | E39: =E37*F32 -> 3.0624187 | F39: =F37*F32 -> 3.8280234
B40: Illuminance (fc) | C40: =C9/(C36*C36) -> 68.4 | D40: =C9/(D36*D36) -> 30.4 | E40: =C9/(E36*E36) -> 17.1 | F40: =C9/(F36*F36) -> 10.944
B41: Illuminance (lux) | C41: =C40*10.7639 -> 736.25076 | D41: =D40*10.7639 -> 327.22256 | E41: =E40*10.7639 -> 184.06269 | F41: =F40*10.7639 -> 117.80012
B43: X | D43: Y
A44: -41.55 | B44: 711.023 | C44: -41.439 | D44: 0
A45: -41.439 | B45: 716.202 | C45: -41.327 | D45: 0
A46: -41.327 | B46: 728.019 | C46: -41.215 | D46: 0
A47: -41.215 | B47: 745.048 | C47: -41.103 | D47: 5.464
A48: -41.103 | B48: 763.988 | C48: -40.99 | D48: 14.432
A49: -40.99 | B49: 782.279 | C49: -40.877 | D49: 23.713
A50: -40.877 | B50: 800.862 | C50: -40.763 | D50: 31.94
A51: -40.763 | B51: 818.804 | C51: -40.649 | D51: 36.667
A52: -40.649 | B52: 836.542 | C52: -40.535 | D52: 36.755
A53: -40.535 | B53: 857.937 | C53: -40.42 | D53: 37.206
A54: -40.42 | B54: 882.381 | C54: -40.305 | D54: 37.046
A55: -40.305 | B55: 905.799 | C55: -40.189 | D55: 38.032
... A555: 41.327 | B555: 304.351 | C555: 41.439 | D555: 20.536

Sheet Lustr V80
A1: Selador | B1: Lamp | D1: Wattage
A2: Lustr | B2: Lumileds Rebel | D2: 104 | F2: Note: Owing to the variability of LEDs, output data and color matches should be viewed as approximate
F4: Note: All data taken with room temperature fixture
B5: Beam Angle | C5: Field Angle
A6: Horizontal | B6: 16.2 | C6: 31.3
B8: Accessory Lens | C8: Candela | D8: Field Lumens | E8: Beam Lumens | F8: Lens Efficiency | G8: Efficacy
B9: V80 | C9: 6080 | D9: 1690 | E9: 890 | F9: =D9/1829 -> 0.92400219 | G9: =D9/D2 -> 16.25
B12: For Field diameter at any distance, multiply distance by | F12: =2*TAN(C6*3.1415926535/360) -> 0.56029188
B14: For Beam diameter at any distance, multiply distance by | F14: =2*TAN(B6*3.1415926535/360) -> 0.28464215
B16: Throw Distance (ft) | C16: 10 | D16: 15 | E16: 20 | F16: 25
B17: Throw Distance (m) | C17: =C16*0.3048 -> 3.048 | D17: =D16*0.3048 -> 4.572 | E17: =E16*0.3048 -> 6.096 | F17: =F16*0.3048 -> 7.62
B18: Field Diameter (ft) | C18: =C16*F12 -> 5.6029188 | D18: =D16*F12 -> 8.4043782 | E18: =E16*F12 -> 11.205838 | F18: =F16*F12 -> 14.007297
B19: Field Diameter (m) | C19: =C17*F12 -> 1.7077696 | D19: =D17*F12 -> 2.5616545 | E19: =E17*F12 -> 3.4155393 | F19: =F17*F12 -> 4.2694241
B20: Illuminance (fc) | C20: =C9/(C16*C16) -> 60.8 | D20: =C9/(D16*D16) -> 27.022222 | E20: =C9/(E16*E16) -> 15.2 | F20: =C9/(F16*F16) -> 9.728
B21: Illuminance (lux) | C21: =C20*10.7639 -> 654.44512 | D21: =D20*10.7639 -> 290.8645 | E21: =E20*10.7639 -> 163.61128 | F21: =F20*10.7639 -> 104.71122
A24: Test Distance | B24: Iso-Illuminance Diagram grid lines
A25: 51.2 | B25: 10 | C25: 20 | D25: 30 | E25: 40
B26: =B25/A25 -> 0.1953125 | C26: =C25/A25 -> 0.390625 | D26: =D25/A25 -> 0.5859375 | E26: =E25/A25 -> 0.78125
B28: Beam Angle | C28: Field Angle
A29: Vertical | B29: 64.2 | C29: 82.5
B32: For Field diameter at any distance, multiply distance by | F32: =2*TAN(C29*3.1415926535/360) -> 1.7539529
B34: For Beam diameter at any distance, multiply distance by | F34: =2*TAN(B29*3.1415926535/360) -> 1.2545976
B36: Throw Distance (ft) | C36: =C16 -> 10 | D36: =D16 -> 15 | E36: =E16 -> 20 | F36: =F16 -> 25
B37: Throw Distance (m) | C37: =C36*0.3048 -> 3.048 | D37: =D36*0.3048 -> 4.572 | E37: =E36*0.3048 -> 6.096 | F37: =F36*0.3048 -> 7.62
B38: Field Diameter (ft) | C38: =C36*F32 -> 17.539529 | D38: =D36*F32 -> 26.309294 | E38: =E36*F32 -> 35.079059 | F38: =F36*F32 -> 43.848823
B39: Field Diameter (m) | C39: =C37*F32 -> 5.3460485 | D39: =D37*F32 -> 8.0190728 | E39: =E37*F32 -> 10.692097 | F39: =F37*F32 -> 13.365121
B40: Illuminance (fc) | C40: =C9/(C36*C36) -> 60.8 | D40: =C9/(D36*D36) -> 27.022222 | E40: =C9/(E36*E36) -> 15.2 | F40: =C9/(F36*F36) -> 9.728
B41: Illuminance (lux) | C41: =C40*10.7639 -> 654.44512 | D41: =D40*10.7639 -> 290.8645 | E41: =E40*10.7639 -> 163.61128 | F41: =F40*10.7639 -> 104.71122
B43: X | D43: Y
A44: -41.439 | B44: 0 | C44: -41.55 | D44: 661.316
A45: -41.327 | B45: 0 | C45: -41.439 | D45: 669.065
A46: -41.215 | B46: 0 | C46: -41.327 | D46: 679.322
A47: -41.103 | B47: 6.782 | C47: -41.215 | D47: 693.097
A48: -40.99 | B48: 17.025 | C48: -41.103 | D48: 708.913
A49: -40.877 | B49: 27.132 | C49: -40.99 | D49: 725.737
A50: -40.763 | B50: 36.361 | C50: -40.877 | D50: 744.797
A51: -40.649 | B51: 42.635 | C51: -40.763 | D51: 764.849
A52: -40.535 | B52: 42.019 | C52: -40.649 | D52: 787.971
A53: -40.42 | B53: 42.961 | C53: -40.535 | D53: 810.073
A54: -40.305 | B54: 43.529 | C54: -40.42 | D54: 829.586
A55: -40.189 | B55: 44.843 | C55: -40.305 | D55: 850.396
... A555: 41.439 | B555: 18.899 | C555: 41.327 | D555: 290.213

Sheet Lustr V40H40
A1: Selador | B1: Lamp | D1: Wattage
A2: Lustr | B2: Lumileds Rebel | D2: 104 | F2: Note: Owing to the variability of LEDs, output data and color matches should be viewed as approximate
F4: Note: All data taken with room temperature fixture
B5: Beam Angle | C5: Field Angle
A6: Horizontal | B6: 30 | C6: 48.1
B8: Accessory Lens | C8: Candela | D8: Field Lumens | E8: Beam Lumens | F8: Lens Efficiency | G8: Efficacy
B9: H40+V40 | C9: 6050 | D9: 1590 | E9: 1000 | F9: =D9/1829 -> 0.8693275 | G9: =D9/D2 -> 15.288462
B12: For Field diameter at any distance, multiply distance by | F12: =2*TAN(C6*3.1415926535/360) -> 0.89254949
B14: For Beam diameter at any distance, multiply distance by | F14: =2*TAN(B6*3.1415926535/360) -> 0.53589838
B16: Throw Distance (ft) | C16: 10 | D16: 15 | E16: 20 | F16: 25
B17: Throw Distance (m) | C17: =C16*0.3048 -> 3.048 | D17: =D16*0.3048 -> 4.572 | E17: =E16*0.3048 -> 6.096 | F17: =F16*0.3048 -> 7.62
B18: Field Diameter (ft) | C18: =C16*F12 -> 8.9254949 | D18: =D16*F12 -> 13.388242 | E18: =E16*F12 -> 17.85099 | F18: =F16*F12 -> 22.313737
B19: Field Diameter (m) | C19: =C17*F12 -> 2.7204908 | D19: =D17*F12 -> 4.0807363 | E19: =E17*F12 -> 5.4409817 | F19: =F17*F12 -> 6.8012271
B20: Illuminance (fc) | C20: =C9/(C16*C16) -> 60.5 | D20: =C9/(D16*D16) -> 26.888889 | E20: =C9/(E16*E16) -> 15.125 | F20: =C9/(F16*F16) -> 9.68
B21: Illuminance (lux) | C21: =C20*10.7639 -> 651.21595 | D21: =D20*10.7639 -> 289.42931 | E21: =E20*10.7639 -> 162.80399 | F21: =F20*10.7639 -> 104.19455
A24: Test Distance | B24: Iso-Illuminance Diagram grid lines
A25: 51.2 | B25: 10 | C25: 20 | D25: 30 | E25: 40
B26: =B25/A25 -> 0.1953125 | C26: =C25/A25 -> 0.390625 | D26: =D25/A25 -> 0.5859375 | E26: =E25/A25 -> 0.78125
B28: Beam Angle | C28: Field Angle
A29: Vertical | B29: 29.7 | C29: 46.6
B32: For Field diameter at any distance, multiply distance by | F32: =2*TAN(C29*3.1415926535/360) -> 0.86133608
B34: For Beam diameter at any distance, multiply distance by | F34: =2*TAN(B29*3.1415926535/360) -> 0.53029039
B36: Throw Distance (ft) | C36: =C16 -> 10 | D36: =D16 -> 15 | E36: =E16 -> 20 | F36: =F16 -> 25
B37: Throw Distance (m) | C37: =C36*0.3048 -> 3.048 | D37: =D36*0.3048 -> 4.572 | E37: =E36*0.3048 -> 6.096 | F37: =F36*0.3048 -> 7.62
B38: Field Diameter (ft) | C38: =C36*F32 -> 8.6133608 | D38: =D36*F32 -> 12.920041 | E38: =E36*F32 -> 17.226722 | F38: =F36*F32 -> 21.533402
B39: Field Diameter (m) | C39: =C37*F32 -> 2.6253524 | D39: =D37*F32 -> 3.9380286 | E39: =E37*F32 -> 5.2507047 | F39: =F37*F32 -> 6.5633809
B40: Illuminance (fc) | C40: =C9/(C36*C36) -> 60.5 | D40: =C9/(D36*D36) -> 26.888889 | E40: =C9/(E36*E36) -> 15.125 | F40: =C9/(F36*F36) -> 9.68
B41: Illuminance (lux) | C41: =C40*10.7639 -> 651.21595 | D41: =D40*10.7639 -> 289.42931 | E41: =E40*10.7639 -> 162.80399 | F41: =F40*10.7639 -> 104.19455
B43: X | D43: Y
A44: -41.439 | B44: 0 | C44: -41.55 | D44: 78.03
A45: -41.327 | B45: 0 | C45: -41.439 | D45: 78.648
A46: -41.215 | B46: 0 | C46: -41.327 | D46: 80.105
A47: -41.103 | B47: 11.587 | C47: -41.215 | D47: 80.451
A48: -40.99 | B48: 31.395 | C48: -41.103 | D48: 80.729
A49: -40.877 | B49: 50.036 | C49: -40.99 | D49: 80.596
A50: -40.763 | B50: 68.332 | C50: -40.877 | D50: 80.649
A51: -40.649 | B51: 78.809 | C51: -40.763 | D51: 82.183
A52: -40.535 | B52: 79.079 | C52: -40.649 | D52: 84.039
A53: -40.42 | B53: 79.527 | C53: -40.535 | D53: 84.619
A54: -40.305 | B54: 80.181 | C54: -40.42 | D54: 84.216
A55: -40.189 | B55: 82.393 | C55: -40.305 | D55: 84.361
... A555: 41.439 | B555: 26.898 | C555: 41.327 | D555: 27.648
B556: 455.669
B557: 323.389
B558: 196.583
B559: 73.469
B560: 0
B561: 0
B562: 0

Sheet Lustr V60H60
A1: Selador | B1: Lamp | D1: Wattage
A2: Lustr | B2: Lumileds Rebel | D2: 104 | F2: Note: Owing to the variability of LEDs, output data and color matches should be viewed as approximate
F4: Note: All data taken with room temperature fixture
B5: Beam Angle | C5: Field Angle
A6: Horizontal | B6: 52.8 | C6: 70
B8: Accessory Lens | C8: Candela | D8: Field Lumens | E8: Beam Lumens | F8: Lens Efficiency | G8: Efficacy
B9: H60+V60 | C9: 2400 | D9: 1690 | E9: 990 | F9: =D9/1829 -> 0.92400219 | G9: =D9/D2 -> 16.25
B12: For Field diameter at any distance, multiply distance by | F12: =2*TAN(C6*3.1415926535/360) -> 1.4004151
B14: For Beam diameter at any distance, multiply distance by | F14: =2*TAN(B6*3.1415926535/360) -> 0.99280862
B16: Throw Distance (ft) | C16: 10 | D16: 15 | E16: 20 | F16: 25
B17: Throw Distance (m) | C17: =C16*0.3048 -> 3.048 | D17: =D16*0.3048 -> 4.572 | E17: =E16*0.3048 -> 6.096 | F17: =F16*0.3048 -> 7.62
B18: Field Diameter (ft) | C18: =C16*F12 -> 14.004151 | D18: =D16*F12 -> 21.006226 | E18: =E16*F12 -> 28.008302 | F18: =F16*F12 -> 35.010377
B19: Field Diameter (m) | C19: =C17*F12 -> 4.2684652 | D19: =D17*F12 -> 6.4026977 | E19: =E17*F12 -> 8.5369303 | F19: =F17*F12 -> 10.671163
B20: Illuminance (fc) | C20: =C9/(C16*C16) -> 24 | D20: =C9/(D16*D16) -> 10.666667 | E20: =C9/(E16*E16) -> 6 | F20: =C9/(F16*F16) -> 3.84
B21: Illuminance (lux) | C21: =C20*10.7639 -> 258.3336 | D21: =D20*10.7639 -> 114.81493 | E21: =E20*10.7639 -> 64.5834 | F21: =F20*10.7639 -> 41.333376
A24: Test Distance | B24: Iso-Illuminance Diagram grid lines
A25: 51.2 | B25: 10 | C25: 20 | D25: 30 | E25: 40
B26: =B25/A25 -> 0.1953125 | C26: =C25/A25 -> 0.390625 | D26: =D25/A25 -> 0.5859375 | E26: =E25/A25 -> 0.78125
B28: Beam Angle | C28: Field Angle
A29: Vertical | B29: 51.7 | C29: 72.4
B32: For Field diameter at any distance, multiply distance by | F32: =2*TAN(C29*3.1415926535/360) -> 1.4637787
B34: For Beam diameter at any distance, multiply distance by | F34: =2*TAN(B29*3.1415926535/360) -> 0.96899189
B36: Throw Distance (ft) | C36: =C16 -> 10 | D36: =D16 -> 15 | E36: =E16 -> 20 | F36: =F16 -> 25
B37: Throw Distance (m) | C37: =C36*0.3048 -> 3.048 | D37: =D36*0.3048 -> 4.572 | E37: =E36*0.3048 -> 6.096 | F37: =F36*0.3048 -> 7.62
B38: Field Diameter (ft) | C38: =C36*F32 -> 14.637787 | D38: =D36*F32 -> 21.956681 | E38: =E36*F32 -> 29.275574 | F38: =F36*F32 -> 36.594468
B39: Field Diameter (m) | C39: =C37*F32 -> 4.4615975 | D39: =D37*F32 -> 6.6923963 | E39: =E37*F32 -> 8.9231951 | F39: =F37*F32 -> 11.153994
B40: Illuminance (fc) | C40: =C9/(C36*C36) -> 24 | D40: =C9/(D36*D36) -> 10.666667 | E40: =C9/(E36*E36) -> 6 | F40: =C9/(F36*F36) -> 3.84
B41: Illuminance (lux) | C41: =C40*10.7639 -> 258.3336 | D41: =D40*10.7639 -> 114.81493 | E41: =E40*10.7639 -> 64.5834 | F41: =F40*10.7639 -> 41.333376
B43: X | D43: Y
A44: -41.439 | B44: 0 | C44: -41.55 | D44: 117.9
A45: -41.327 | B45: 0 | C45: -41.439 | D45: 118.902
A46: -41.215 | B46: 0 | C46: -41.327 | D46: 119.697 | Q46: notches in outermost line are due to camera in field of view. They should be removed manually.
A47: -41.103 | B47: 18.275 | C47: -41.215 | D47: 119.461
A48: -40.99 | B48: 47.858 | C48: -41.103 | D48: 120.261
A49: -40.877 | B49: 78.939 | C49: -40.99 | D49: 119.988
A50: -40.763 | B50: 109.763 | C50: -40.877 | D50: 120.678
A51: -40.649 | B51: 129.503 | C51: -40.763 | D51: 123.43
A52: -40.535 | B52: 131.258 | C52: -40.649 | D52: 125.751
A53: -40.42 | B53: 132.779 | C53: -40.535 | D53: 128.779
A54: -40.305 | B54: 134.705 | C54: -40.42 | D54: 130.343
A55: -40.189 | B55: 138.568 | C55: -40.305 | D55: 132.191
A56: -40.073 | B56: 141.668 | C56: -40.189 | D56: 132.209
A57: -39.957 | B57: 144.197 | C57: -40.073 | D57: 133.363
A58: -39.84 | B58: 147.527 | C58: -39.957 | D58: 133.667
... A555: 41.439 | B555: 30.618 | C555: 41.327 | D555: 49.67
B556: 455.669
B557: 323.389
B558: 196.583
B559: 73.469
B560: 0
B561: 0
B562: 0

Sheet Lustr H40V60
A1: Selador | B1: Lamp | D1: Wattage
A2: Lustr | B2: Lumileds Rebel | D2: 104 | F2: Note: Owing to the variability of LEDs, output data and color matches should be viewed as approximate
F4: Note: All data taken with room temperature fixture
B5: Beam Angle | C5: Field Angle
A6: Horizontal | B6: 30.2 | C6: 48.8
B8: Accessory Lens | C8: Candela | D8: Field Lumens | E8: Beam Lumens | F8: Lens Efficiency | G8: Efficacy
B9: H40+V60 | C9: 3770 | D9: 1640 | E9: 1000 | F9: =D9/1829 -> 0.89666484 | G9: =D9/D2 -> 15.769231
B12: For Field diameter at any distance, multiply distance by | F12: =2*TAN(C6*3.1415926535/360) -> 0.90724024
B14: For Beam diameter at any distance, multiply distance by | F14: =2*TAN(B6*3.1415926535/360) -> 0.53964142
B16: Throw Distance (ft) | C16: 10 | D16: 15 | E16: 20 | F16: 25
B17: Throw Distance (m) | C17: =C16*0.3048 -> 3.048 | D17: =D16*0.3048 -> 4.572 | E17: =E16*0.3048 -> 6.096 | F17: =F16*0.3048 -> 7.62
B18: Field Diameter (ft) | C18: =C16*F12 -> 9.0724024 | D18: =D16*F12 -> 13.608604 | E18: =E16*F12 -> 18.144805 | F18: =F16*F12 -> 22.681006
B19: Field Diameter (m) | C19: =C17*F12 -> 2.7652682 | D19: =D17*F12 -> 4.1479024 | E19: =E17*F12 -> 5.5305365 | F19: =F17*F12 -> 6.9131706
B20: Illuminance (fc) | C20: =C9/(C16*C16) -> 37.7 | D20: =C9/(D16*D16) -> 16.755556 | E20: =C9/(E16*E16) -> 9.425 | F20: =C9/(F16*F16) -> 6.032
B21: Illuminance (lux) | C21: =C20*10.7639 -> 405.79903 | D21: =D20*10.7639 -> 180.35512 | E21: =E20*10.7639 -> 101.44976 | F21: =F20*10.7639 -> 64.927845
A24: Test Distance | B24: Iso-Illuminance Diagram grid lines
A25: 51.2 | B25: 10 | C25: 20 | D25: 30 | E25: 40
B26: =B25/A25 -> 0.1953125 | C26: =C25/A25 -> 0.390625 | D26: =D25/A25 -> 0.5859375 | E26: =E25/A25 -> 0.78125
B28: Beam Angle | C28: Field Angle
A29: Vertical | B29: 52.8 | C29: 72.4
B32: For Field diameter at any distance, multiply distance by | F32: =2*TAN(C29*3.1415926535/360) -> 1.4637787
B34: For Beam diameter at any distance, multiply distance by | F34: =2*TAN(B29*3.1415926535/360) -> 0.99280862
B36: Throw Distance (ft) | C36: =C16 -> 10 | D36: =D16 -> 15 | E36: =E16 -> 20 | F36: =F16 -> 25
B37: Throw Distance (m) | C37: =C36*0.3048 -> 3.048 | D37: =D36*0.3048 -> 4.572 | E37: =E36*0.3048 -> 6.096 | F37: =F36*0.3048 -> 7.62
B38: Field Diameter (ft) | C38: =C36*F32 -> 14.637787 | D38: =D36*F32 -> 21.956681 | E38: =E36*F32 -> 29.275574 | F38: =F36*F32 -> 36.594468
B39: Field Diameter (m) | C39: =C37*F32 -> 4.4615975 | D39: =D37*F32 -> 6.6923963 | E39: =E37*F32 -> 8.9231951 | F39: =F37*F32 -> 11.153994
B40: Illuminance (fc) | C40: =C9/(C36*C36) -> 37.7 | D40: =C9/(D36*D36) -> 16.755556 | E40: =C9/(E36*E36) -> 9.425 | F40: =C9/(F36*F36) -> 6.032
B41: Illuminance (lux) | C41: =C40*10.7639 -> 405.79903 | D41: =D40*10.7639 -> 180.35512 | E41: =E40*10.7639 -> 101.44976 | F41: =F40*10.7639 -> 64.927845
B43: X | D43: Y
A44: -41.439 | B44: 0 | C44: -41.55 | D44: 158.494
A45: -41.327 | B45: 0 | C45: -41.439 | D45: 160.198
A46: -41.215 | B46: 0 | C46: -41.327 | D46: 162.526
A47: -41.103 | B47: 8.258 | C47: -41.215 | D47: 165.605
A48: -40.99 | B48: 23.085 | C48: -41.103 | D48: 167.926
A49: -40.877 | B49: 38.04 | C49: -40.99 | D49: 169.751
A50: -40.763 | B50: 52.037 | C50: -40.877 | D50: 172.952
A51: -40.649 | B51: 60.445 | C51: -40.763 | D51: 176.054
A52: -40.535 | B52: 61.88 | C52: -40.649 | D52: 178.29
A53: -40.42 | B53: 62.416 | C53: -40.535 | D53: 181.815
A54: -40.305 | B54: 62.642 | C54: -40.42 | D54: 184.904
A55: -40.189 | B55: 64.281 | C55: -40.305 | D55: 188.169
... A555: 41.439 | B555: 22.731 | C555: 41.327 | D555: 71.137
B556: 455.669
B557: 323.389
B558: 196.583
B559: 73.469
B560: 0
B561: 0
B562: 0

Sheet  Lustr H40V80
A1: Selador | B1: Lamp | D1: Wattage
A2: Lustr | B2: Lumileds Rebel | D2: 104 | F2: Note: Owing to the variability of LEDs, output data and color matches should be viewed as approximate
F4: Note: All data taken with room temperature fixture
B5: Beam Angle | C5: Field Angle
A6: Horizontal | B6: 30.2 | C6: 49.1
B8: Accessory Lens | C8: Candela | D8: Field Lumens | E8: Beam Lumens | F8: Lens Efficiency | G8: Efficacy
B9: H40+V80 | C9: 3130 | D9: 1570 | E9: 890 | F9: =D9/1829 -> 0.85839256 | G9: =D9/D2 -> 15.096154
B12: For Field diameter at any distance, multiply distance by | F12: =2*TAN(C6*3.1415926535/360) -> 0.91356116
B14: For Beam diameter at any distance, multiply distance by | F14: =2*TAN(B6*3.1415926535/360) -> 0.53964142
B16: Throw Distance (ft) | C16: 10 | D16: 15 | E16: 20 | F16: 25
B17: Throw Distance (m) | C17: =C16*0.3048 -> 3.048 | D17: =D16*0.3048 -> 4.572 | E17: =E16*0.3048 -> 6.096 | F17: =F16*0.3048 -> 7.62
B18: Field Diameter (ft) | C18: =C16*F12 -> 9.1356116 | D18: =D16*F12 -> 13.703417 | E18: =E16*F12 -> 18.271223 | F18: =F16*F12 -> 22.839029
B19: Field Diameter (m) | C19: =C17*F12 -> 2.7845344 | D19: =D17*F12 -> 4.1768016 | E19: =E17*F12 -> 5.5690688 | F19: =F17*F12 -> 6.961336
B20: Illuminance (fc) | C20: =C9/(C16*C16) -> 31.3 | D20: =C9/(D16*D16) -> 13.911111 | E20: =C9/(E16*E16) -> 7.825 | F20: =C9/(F16*F16) -> 5.008
B21: Illuminance (lux) | C21: =C20*10.7639 -> 336.91007 | D21: =D20*10.7639 -> 149.73781 | E21: =E20*10.7639 -> 84.227518 | F21: =F20*10.7639 -> 53.905611
A24: Test Distance | B24: Iso-Illuminance Diagram grid lines
A25: 51.2 | B25: 10 | C25: 20 | D25: 30 | E25: 40
B26: =B25/A25 -> 0.1953125 | C26: =C25/A25 -> 0.390625 | D26: =D25/A25 -> 0.5859375 | E26: =E25/A25 -> 0.78125
B28: Beam Angle | C28: Field Angle
A29: Vertical | B29: 63.4 | C29: 82.6
B32: For Field diameter at any distance, multiply distance by | F32: =2*TAN(C29*3.1415926535/360) -> 1.7570429
B34: For Beam diameter at any distance, multiply distance by | F34: =2*TAN(B29*3.1415926535/360) -> 1.2352252
B36: Throw Distance (ft) | C36: =C16 -> 10 | D36: =D16 -> 15 | E36: =E16 -> 20 | F36: =F16 -> 25
B37: Throw Distance (m) | C37: =C36*0.3048 -> 3.048 | D37: =D36*0.3048 -> 4.572 | E37: =E36*0.3048 -> 6.096 | F37: =F36*0.3048 -> 7.62
B38: Field Diameter (ft) | C38: =C36*F32 -> 17.570429 | D38: =D36*F32 -> 26.355644 | E38: =E36*F32 -> 35.140859 | F38: =F36*F32 -> 43.926073
B39: Field Diameter (m) | C39: =C37*F32 -> 5.3554669 | D39: =D37*F32 -> 8.0332003 | E39: =E37*F32 -> 10.710934 | F39: =F37*F32 -> 13.388667
B40: Illuminance (fc) | C40: =C9/(C36*C36) -> 31.3 | D40: =C9/(D36*D36) -> 13.911111 | E40: =C9/(E36*E36) -> 7.825 | F40: =C9/(F36*F36) -> 5.008
B41: Illuminance (lux) | C41: =C40*10.7639 -> 336.91007 | D41: =D40*10.7639 -> 149.73781 | E41: =E40*10.7639 -> 84.227518 | F41: =F40*10.7639 -> 53.905611
B43: X | D43: Y
A44: -41.439 | B44: 0 | C44: -41.55 | D44: 377
A45: -41.327 | B45: 0 | C45: -41.439 | D45: 378.061
A46: -41.215 | B46: 0 | C46: -41.327 | D46: 383.171
A47: -41.103 | B47: 7.536 | C47: -41.215 | D47: 389.252
A48: -40.99 | B48: 20.711 | C48: -41.103 | D48: 395.198
A49: -40.877 | B49: 33.782 | C49: -40.99 | D49: 404.198
A50: -40.763 | B50: 47.059 | C50: -40.877 | D50: 414.525
A51: -40.649 | B51: 55.431 | C51: -40.763 | D51: 423.377
A52: -40.535 | B52: 56.096 | C52: -40.649 | D52: 433.544
A53: -40.42 | B53: 56.388 | C53: -40.535 | D53: 443.964
A54: -40.305 | B54: 56.311 | C54: -40.42 | D54: 453.689
A55: -40.189 | B55: 56.898 | C55: -40.305 | D55: 463.82
... A555: 41.439 | B555: 19.234 | C555: 41.327 | D555: 174.513
B556: 455.669
B557: 323.389
B558: 196.583
B559: 73.469
B560: 0
B561: 0
B562: 0
